工號,姓名,部門,email
12356,任孝鳳,行銷部,changwanhshing@gmail.com
45796,鄧欣森,法務部,changwanhshing@gmail.com
42865,徐晨鳳,倉儲部,changwanhshing@gmail.com
40961,徐雯豪,採購部,changwanhshing@gmail.com
98745,程志敏,品管部,changwanhshing@gmail.com
42033,曾俊雄,稽核部,changwanhshing@gmail.com
81628,曾秀森,研發部,changwanhshing@gmail.com
55309,何秋森,行銷部,changwanhshing@gmail.com
75969,李宜勇,業務部,changwanhshing@gmail.com
16209,陳冬靜,研發部,changwanhshing@gmail.com
35563,王大明,資訊部,changwanhshing@gmail.com
36344,彭春森,客服部,changwanhshing@gmail.com
22315,江文林,採購部,changwanhshing@gmail.com
55608,曾佳芳,法務部,changwanhshing@gmail.com
77824,徐仁玲,業務部,changwanhshing@gmail.com
31526,許秋娟,客服部,changwanhshing@gmail.com
32438,黃夏淵,行銷部,changwanhshing@gmail.com
51210,蔣信林,人事部,changwanhshing@gmail.com
63598,鄧桂宇,客服部,changwanhshing@gmail.com
36629,彭孝達,生產部,changwanhshing@gmail.com
94339,程雅強,研發部,changwanhshing@gmail.com
48441,朱惠明,稽核部,changwanhshing@gmail.com
33072,孫信超,財務部,changwanhshing@gmail.com
46313,林建森,客服部,changwanhshing@gmail.com
20046,程淑文,資訊部,changwanhshing@gmail.com
17508,林慧浩,品管部,changwanhshing@gmail.com
86517,黃國雄,倉儲部,changwanhshing@gmail.com
32733,蘇秀云,企劃部,changwanhshing@gmail.com
32652,韓信文,財務部,changwanhshing@gmail.com
61855,吳禮秀,業務部,changwanhshing@gmail.com
53314,彭大昇,生產部,changwanhshing@gmail.com
41945,黃偉明,資訊部,changwanhshing@gmail.com
94107,曾桂敏,稽核部,changwanhshing@gmail.com
63334,楊晴賢,總務部,changwanhshing@gmail.com
69119,許欣敏,人事部,changwanhshing@gmail.com
43553,周晨鳳,人事部,changwanhshing@gmail.com
31150,楊俊淵,研發部,changwanhshing@gmail.com
44992,曹佳秀,稽核部,changwanhshing@gmail.com
56387,郭建毅,採購部,changwanhshing@gmail.com
62521,唐義傑,採購部,changwanhshing@gmail.com
10322,蘇忠玲,財務部,changwanhshing@gmail.com
25597,林晨毅,採購部,changwanhshing@gmail.com
33965,唐景浩,採購部,changwanhshing@gmail.com
48855,馬俊達,財務部,changwanhshing@gmail.com
88899,羅淑燕,稽核部,changwanhshing@gmail.com
77712,蔡秋燕,資訊部,changwanhshing@gmail.com
56337,唐明鳳,法務部,changwanhshing@gmail.com
87799,馮義靜,客服部,changwanhshing@gmail.com
44745,趙嘉偉,生產部,changwanhshing@gmail.com
20937,林俊玲,資訊部,changwanhshing@gmail.com
79936,周義文,法務部,changwanhshing@gmail.com
97786,蔡俊麗,生產部,changwanhshing@gmail.com
15894,鄭旭鳳,倉儲部,changwanhshing@gmail.com
74480,田秀傑,業務部,changwanhshing@gmail.com
46356,周冬勇,研發部,changwanhshing@gmail.com
52875,唐惠勇,倉儲部,changwanhshing@gmail.com
31312,田昊浩,財務部,changwanhshing@gmail.com
60584,吳仁玲,資訊部,changwanhshing@gmail.com
97132,袁志賢,人事部,changwanhshing@gmail.com
27723,唐旭云,法務部,changwanhshing@gmail.com
18941,魏春翔,行銷部,changwanhshing@gmail.com
31810,黃欣軍,業務部,changwanhshing@gmail.com
89020,楊義雄,生產部,changwanhshing@gmail.com
16002,呂大毅,人事部,changwanhshing@gmail.com
53354,唐義燕,研發部,changwanhshing@gmail.com
69780,馮義棟,行銷部,changwanhshing@gmail.com
12786,徐旭秀,研發部,changwanhshing@gmail.com
49654,陳信煌,研發部,changwanhshing@gmail.com
28046,曹秋毅,業務部,changwanhshing@gmail.com
75355,胡惠淵,企劃部,changwanhshing@gmail.com
30559,吳麗明,資訊部,changwanhshing@gmail.com
50528,曹秋輝,法務部,changwanhshing@gmail.com
37586,宋義宇,生產部,changwanhshing@gmail.com
79918,吳禮森,資訊部,changwanhshing@gmail.com
69421,馮忠明,採購部,changwanhshing@gmail.com
77283,丁大燕,企劃部,changwanhshing@gmail.com
96262,李麗秀,法務部,changwanhshing@gmail.com
44637,陳晴樺,財務部,changwanhshing@gmail.com
40445,袁昊洋,人事部,changwanhshing@gmail.com
83389,蔣孝明,稽核部,changwanhshing@gmail.com
96511,蘇信云,品管部,changwanhshing@gmail.com
61603,董建宇,採購部,changwanhshing@gmail.com
63719,吳欣棟,財務部,changwanhshing@gmail.com
67045,胡偉豪,行銷部,changwanhshing@gmail.com
10566,徐麗麗,業務部,changwanhshing@gmail.com
45001,羅家博,法務部,changwanhshing@gmail.com
89981,胡惠雄,品管部,changwanhshing@gmail.com
33871,孫麗云,客服部,changwanhshing@gmail.com
39897,丁美浩,倉儲部,changwanhshing@gmail.com
83128,林慧浩,生產部,changwanhshing@gmail.com
63717,張禮云,總務部,changwanhshing@gmail.com
93338,潘景洋,客服部,changwanhshing@gmail.com
82083,劉冬強,資訊部,changwanhshing@gmail.com
14685,高夏澤,法務部,changwanhshing@gmail.com
81746,馬景靜,總務部,changwanhshing@gmail.com
30554,趙宜雄,業務部,changwanhshing@gmail.com
90825,郭淑秀,生產部,changwanhshing@gmail.com
81507,鄭秋翔,法務部,changwanhshing@gmail.com
18251,林惠麗,法務部,changwanhshing@gmail.com
54599,鄭宜澤,行銷部,changwanhshing@gmail.com
89817,鄭宏誠,客服部,changwanhshing@gmail.com
16613,高佳秀,財務部,changwanhshing@gmail.com
78105,曹忠偉,人事部,changwanhshing@gmail.com
19307,林大棟,倉儲部,changwanhshing@gmail.com
50198,黃志敏,稽核部,changwanhshing@gmail.com
97063,任慧鳳,稽核部,changwanhshing@gmail.com
49549,鄧峰芳,業務部,changwanhshing@gmail.com
32095,梁淑偉,人事部,changwanhshing@gmail.com
93916,丁信翔,生產部,changwanhshing@gmail.com
51484,梁雯雄,稽核部,changwanhshing@gmail.com
65517,朱桂昇,研發部,changwanhshing@gmail.com
28515,蔣家昇,總務部,changwanhshing@gmail.com
42651,趙大誠,採購部,changwanhshing@gmail.com
10998,韓冬玲,企劃部,changwanhshing@gmail.com
52812,黃夏博,業務部,changwanhshing@gmail.com
30551,黃佳芳,品管部,changwanhshing@gmail.com
82736,馮信誠,企劃部,changwanhshing@gmail.com
10984,韓秋博,業務部,changwanhshing@gmail.com
39096,林宏龍,行銷部,changwanhshing@gmail.com
97908,馬仁明,財務部,changwanhshing@gmail.com
54887,周仁秀,生產部,changwanhshing@gmail.com
40344,吳大毅,品管部,changwanhshing@gmail.com
85999,鄧秀明,品管部,changwanhshing@gmail.com
49204,鄧冬林,資訊部,changwanhshing@gmail.com
47847,張欣誠,行銷部,changwanhshing@gmail.com
48254,鄧嘉澤,品管部,changwanhshing@gmail.com
50365,丁秀敏,財務部,changwanhshing@gmail.com
30676,黃忠賢,品管部,changwanhshing@gmail.com
87657,曹俊昇,企劃部,changwanhshing@gmail.com
25261,葉秋毅,生產部,changwanhshing@gmail.com
77711,鄭欣鳳,財務部,changwanhshing@gmail.com
45131,吳旭達,業務部,changwanhshing@gmail.com
70360,曹美淵,採購部,changwanhshing@gmail.com
75586,何宏雄,法務部,changwanhshing@gmail.com
41820,何春洋,人事部,changwanhshing@gmail.com
54765,唐桂麗,人事部,changwanhshing@gmail.com
95386,郭冬豪,客服部,changwanhshing@gmail.com
88143,孫淑芳,法務部,changwanhshing@gmail.com
63307,梁俊龍,採購部,changwanhshing@gmail.com
80995,彭仁洋,客服部,changwanhshing@gmail.com
27968,胡桂秀,總務部,changwanhshing@gmail.com
72007,彭仁玲,研發部,changwanhshing@gmail.com
44546,鄭冬毅,客服部,changwanhshing@gmail.com
36656,葉忠麗,財務部,changwanhshing@gmail.com
52830,丁夏燕,企劃部,changwanhshing@gmail.com
47326,林晨豪,研發部,changwanhshing@gmail.com
65405,蕭冬偉,客服部,changwanhshing@gmail.com
51501,王正傑,總務部,changwanhshing@gmail.com
53303,呂秀昇,客服部,changwanhshing@gmail.com
65159,唐正達,人事部,changwanhshing@gmail.com
65705,吳家麗,採購部,changwanhshing@gmail.com
68738,孫雯浩,研發部,changwanhshing@gmail.com
59721,杜桂宇,資訊部,changwanhshing@gmail.com
23726,杜峰超,客服部,changwanhshing@gmail.com
96667,曾麗龍,客服部,changwanhshing@gmail.com
68645,任嘉昇,法務部,changwanhshing@gmail.com
20781,李美宇,財務部,changwanhshing@gmail.com
36565,徐國偉,品管部,changwanhshing@gmail.com
64870,江忠雄,法務部,changwanhshing@gmail.com
20271,謝秋明,總務部,changwanhshing@gmail.com
52614,趙國豪,企劃部,changwanhshing@gmail.com
44710,羅俊輝,人事部,changwanhshing@gmail.com
99147,馬偉芳,法務部,changwanhshing@gmail.com
33294,江欣誠,採購部,changwanhshing@gmail.com
13431,謝淑誠,品管部,changwanhshing@gmail.com
46448,徐文昇,財務部,changwanhshing@gmail.com
43786,李慧博,客服部,changwanhshing@gmail.com
76398,朱慧林,行銷部,changwanhshing@gmail.com
99724,謝國輝,財務部,changwanhshing@gmail.com
66573,吳明靜,品管部,changwanhshing@gmail.com
67123,江雯文,企劃部,changwanhshing@gmail.com
86177,馬惠毅,品管部,changwanhshing@gmail.com
99763,梁秀偉,總務部,changwanhshing@gmail.com
37720,蔣惠樺,研發部,changwanhshing@gmail.com
61760,鄭明玲,資訊部,changwanhshing@gmail.com
80446,蕭嘉達,生產部,changwanhshing@gmail.com
30796,林義宇,生產部,changwanhshing@gmail.com
18230,杜建翔,業務部,changwanhshing@gmail.com
93769,羅慧宇,採購部,changwanhshing@gmail.com
89591,魏景毅,業務部,changwanhshing@gmail.com
25986,孫晴云,人事部,changwanhshing@gmail.com
23130,何惠昇,品管部,changwanhshing@gmail.com
50105,魏禮煌,品管部,changwanhshing@gmail.com
87517,謝夏浩,法務部,changwanhshing@gmail.com
61828,韓俊宇,業務部,changwanhshing@gmail.com
70987,程孝芳,採購部,changwanhshing@gmail.com
59489,唐家樺,稽核部,changwanhshing@gmail.com
29623,郭夏雄,行銷部,changwanhshing@gmail.com
47554,曾宜龍,採購部,changwanhshing@gmail.com
33160,呂嘉燕,業務部,changwanhshing@gmail.com
43210,林宜強,品管部,changwanhshing@gmail.com
53290,鄧惠文,業務部,changwanhshing@gmail.com
77468,李淑昇,客服部,changwanhshing@gmail.com
30069,梁信輝,倉儲部,changwanhshing@gmail.com
60095,曾嘉澤,品管部,changwanhshing@gmail.com
15961,曾宏昇,資訊部,changwanhshing@gmail.com
77571,楊雅云,客服部,changwanhshing@gmail.com
38947,楊淑強,法務部,changwanhshing@gmail.com
31103,謝秋龍,資訊部,changwanhshing@gmail.com
53347,程美鳳,總務部,changwanhshing@gmail.com
96860,江晨靜,人事部,changwanhshing@gmail.com
47953,高信娟,品管部,changwanhshing@gmail.com
78324,許淑豪,總務部,changwanhshing@gmail.com
63589,鄭慧洋,法務部,changwanhshing@gmail.com
10077,周欣龍,倉儲部,changwanhshing@gmail.com
66450,董宏勇,企劃部,changwanhshing@gmail.com
33947,高義林,稽核部,changwanhshing@gmail.com
58968,彭冬文,採購部,changwanhshing@gmail.com
45795,彭正傑,稽核部,changwanhshing@gmail.com
77649,韓美文,總務部,changwanhshing@gmail.com
73036,梁嘉芳,資訊部,changwanhshing@gmail.com
99890,楊宜云,業務部,changwanhshing@gmail.com
96240,鄭家森,倉儲部,changwanhshing@gmail.com
11513,丁旭輝,生產部,changwanhshing@gmail.com
47033,彭秋博,生產部,changwanhshing@gmail.com
92033,劉嘉樺,總務部,changwanhshing@gmail.com
72075,朱忠澤,生產部,changwanhshing@gmail.com
43784,唐晨澤,倉儲部,changwanhshing@gmail.com
57066,程惠超,研發部,changwanhshing@gmail.com
20796,唐建鳳,財務部,changwanhshing@gmail.com
61409,張昊麗,品管部,changwanhshing@gmail.com
24618,蕭惠勇,業務部,changwanhshing@gmail.com
24792,吳忠傑,行銷部,changwanhshing@gmail.com
83165,朱志豪,法務部,changwanhshing@gmail.com
84312,周佳龍,研發部,changwanhshing@gmail.com
21535,蘇旭鳳,財務部,changwanhshing@gmail.com
37977,徐欣淵,客服部,changwanhshing@gmail.com
56173,任桂毅,企劃部,changwanhshing@gmail.com
93518,劉桂敏,業務部,changwanhshing@gmail.com
35829,董春森,客服部,changwanhshing@gmail.com
55467,徐義洋,總務部,changwanhshing@gmail.com
65784,鄭慧林,企劃部,changwanhshing@gmail.com
64306,張欣云,客服部,changwanhshing@gmail.com
23252,梁冬燕,總務部,changwanhshing@gmail.com
77109,潘嘉超,客服部,changwanhshing@gmail.com
12351,吳禮宇,研發部,changwanhshing@gmail.com
34893,謝義澤,人事部,changwanhshing@gmail.com
81024,宋欣玲,稽核部,changwanhshing@gmail.com
68432,馮美浩,人事部,changwanhshing@gmail.com
27116,余雯淵,人事部,changwanhshing@gmail.com
48847,胡孝翔,行銷部,changwanhshing@gmail.com
82319,蘇旭云,業務部,changwanhshing@gmail.com
60519,周志翔,業務部,changwanhshing@gmail.com
44361,鄭淑娟,人事部,changwanhshing@gmail.com
95317,羅美玲,倉儲部,changwanhshing@gmail.com
44856,鄭文昇,企劃部,changwanhshing@gmail.com
81472,袁禮林,財務部,changwanhshing@gmail.com
59290,蔣春勇,企劃部,changwanhshing@gmail.com
11445,胡晴翔,倉儲部,changwanhshing@gmail.com
24061,程晨毅,品管部,changwanhshing@gmail.com
26438,李夏云,稽核部,changwanhshing@gmail.com
84702,任孝芳,企劃部,changwanhshing@gmail.com
83572,蘇仁鳳,研發部,changwanhshing@gmail.com
24242,曾淑賢,法務部,changwanhshing@gmail.com
81748,周家云,人事部,changwanhshing@gmail.com
19616,馮淑娟,稽核部,changwanhshing@gmail.com
41657,杜美賢,資訊部,changwanhshing@gmail.com
73346,周雅昇,行銷部,changwanhshing@gmail.com
42804,蕭美達,法務部,changwanhshing@gmail.com
28188,余建勇,企劃部,changwanhshing@gmail.com
34577,陳秀翔,生產部,changwanhshing@gmail.com
83360,許正達,業務部,changwanhshing@gmail.com
62328,鄧惠林,採購部,changwanhshing@gmail.com
25970,劉義燕,稽核部,changwanhshing@gmail.com
88692,曾志洋,研發部,changwanhshing@gmail.com
19711,杜宏林,資訊部,changwanhshing@gmail.com
38899,鄧信達,財務部,changwanhshing@gmail.com
35100,胡夏浩,稽核部,changwanhshing@gmail.com
94970,任偉娟,業務部,changwanhshing@gmail.com
77545,楊雯淵,客服部,changwanhshing@gmail.com
30419,杜麗毅,總務部,changwanhshing@gmail.com
37327,周秀龍,客服部,changwanhshing@gmail.com
14840,呂惠超,研發部,changwanhshing@gmail.com
85086,袁夏雄,生產部,changwanhshing@gmail.com
69586,何秋燕,品管部,changwanhshing@gmail.com
52717,馬國棟,稽核部,changwanhshing@gmail.com
11466,鄧信樺,人事部,changwanhshing@gmail.com
69805,潘禮雄,倉儲部,changwanhshing@gmail.com
27506,蘇晴博,企劃部,changwanhshing@gmail.com
28821,何大淵,稽核部,changwanhshing@gmail.com
14539,趙家毅,採購部,changwanhshing@gmail.com
13252,曾孝芳,採購部,changwanhshing@gmail.com
58093,李秀棟,資訊部,changwanhshing@gmail.com
49080,董淑誠,倉儲部,changwanhshing@gmail.com
39685,余明超,客服部,changwanhshing@gmail.com
79618,徐佳傑,客服部,changwanhshing@gmail.com
59899,劉惠煌,人事部,changwanhshing@gmail.com
24109,蔡志淵,資訊部,changwanhshing@gmail.com
37404,王明達,財務部,changwanhshing@gmail.com
35373,何國燕,業務部,changwanhshing@gmail.com
37240,楊旭文,稽核部,changwanhshing@gmail.com
33635,鄭禮靜,業務部,changwanhshing@gmail.com
37632,宋桂娟,稽核部,changwanhshing@gmail.com
30878,彭大強,研發部,changwanhshing@gmail.com
86781,唐文軍,人事部,changwanhshing@gmail.com
31710,蕭夏偉,品管部,changwanhshing@gmail.com
47092,程偉云,行銷部,changwanhshing@gmail.com
77998,何桂強,財務部,changwanhshing@gmail.com
99931,余信澤,行銷部,changwanhshing@gmail.com
34956,蔣正賢,稽核部,changwanhshing@gmail.com
44143,潘明博,總務部,changwanhshing@gmail.com
17412,梁宏煌,研發部,changwanhshing@gmail.com
28481,葉晴玲,業務部,changwanhshing@gmail.com
10893,徐淑達,業務部,changwanhshing@gmail.com
66934,袁大敏,行銷部,changwanhshing@gmail.com
77849,陳春翔,人事部,changwanhshing@gmail.com
70983,吳秀豪,生產部,changwanhshing@gmail.com
52798,郭國龍,品管部,changwanhshing@gmail.com
19514,馬美鳳,總務部,changwanhshing@gmail.com
12388,曾孝明,總務部,changwanhshing@gmail.com
32406,潘忠樺,總務部,changwanhshing@gmail.com
75085,楊秀昇,採購部,changwanhshing@gmail.com
90746,潘志傑,人事部,changwanhshing@gmail.com
18965,徐志明,客服部,changwanhshing@gmail.com
13113,江峰澤,財務部,changwanhshing@gmail.com
67408,李宏豪,人事部,changwanhshing@gmail.com
65112,楊春達,資訊部,changwanhshing@gmail.com
12564,蔣俊博,資訊部,changwanhshing@gmail.com
98746,呂正傑,稽核部,changwanhshing@gmail.com
24445,梁忠偉,人事部,changwanhshing@gmail.com
13546,徐建博,研發部,changwanhshing@gmail.com
46028,朱宜燕,採購部,changwanhshing@gmail.com
13832,徐桂毅,採購部,changwanhshing@gmail.com
73533,郭惠靜,總務部,changwanhshing@gmail.com
84395,黃明敏,採購部,changwanhshing@gmail.com
84092,鄧秀賢,行銷部,changwanhshing@gmail.com
79029,謝春玲,倉儲部,changwanhshing@gmail.com
21836,潘峰宇,總務部,changwanhshing@gmail.com
28923,徐俊麗,生產部,changwanhshing@gmail.com
80532,馬俊軍,業務部,changwanhshing@gmail.com
56435,徐美洋,財務部,changwanhshing@gmail.com
80211,郭晨鳳,財務部,changwanhshing@gmail.com
31270,任雅達,採購部,changwanhshing@gmail.com
10652,董義麗,企劃部,changwanhshing@gmail.com
44559,杜國林,倉儲部,changwanhshing@gmail.com
32660,王淑達,稽核部,changwanhshing@gmail.com
57117,蔡惠昇,倉儲部,changwanhshing@gmail.com
41753,陳夏靜,業務部,changwanhshing@gmail.com
35069,蔣佳麗,採購部,changwanhshing@gmail.com
14016,丁淑林,行銷部,changwanhshing@gmail.com
12803,黃大秀,法務部,changwanhshing@gmail.com
61149,程冬博,法務部,changwanhshing@gmail.com
17158,彭偉樺,客服部,changwanhshing@gmail.com
18852,梁桂云,生產部,changwanhshing@gmail.com
28678,蕭雯達,採購部,changwanhshing@gmail.com
33118,馬景達,財務部,changwanhshing@gmail.com
92128,曾義豪,法務部,changwanhshing@gmail.com
35678,曹晨林,客服部,changwanhshing@gmail.com
72866,陳惠煌,行銷部,changwanhshing@gmail.com
75547,葉義輝,品管部,changwanhshing@gmail.com
59620,任麗鳳,財務部,changwanhshing@gmail.com
82259,李春鳳,採購部,changwanhshing@gmail.com
14800,余旭樺,資訊部,changwanhshing@gmail.com
30525,余景毅,資訊部,changwanhshing@gmail.com
46459,潘惠勇,品管部,changwanhshing@gmail.com
14592,郭秋傑,採購部,changwanhshing@gmail.com
74822,林義強,品管部,changwanhshing@gmail.com
81743,彭晨龍,企劃部,changwanhshing@gmail.com
97443,周宏宇,法務部,changwanhshing@gmail.com
23139,孫宏強,採購部,changwanhshing@gmail.com
86023,劉大淵,研發部,changwanhshing@gmail.com
73725,蔣桂澤,資訊部,changwanhshing@gmail.com
36176,馮禮賢,業務部,changwanhshing@gmail.com
31949,葉慧毅,研發部,changwanhshing@gmail.com
44290,梁孝雄,稽核部,changwanhshing@gmail.com
83865,張仁棟,客服部,changwanhshing@gmail.com
81578,葉孝麗,行銷部,changwanhshing@gmail.com
16982,任峰博,倉儲部,changwanhshing@gmail.com
81966,程冬洋,生產部,changwanhshing@gmail.com
67774,梁佳勇,倉儲部,changwanhshing@gmail.com
35757,唐義燕,法務部,changwanhshing@gmail.com
71680,宋宏煌,生產部,changwanhshing@gmail.com
84205,謝孝博,企劃部,changwanhshing@gmail.com
64671,謝晨文,稽核部,changwanhshing@gmail.com
14792,杜大燕,總務部,changwanhshing@gmail.com
22651,許昊豪,總務部,changwanhshing@gmail.com
43528,梁信強,行銷部,changwanhshing@gmail.com
14985,劉明偉,行銷部,changwanhshing@gmail.com
48130,吳信芳,採購部,changwanhshing@gmail.com
91907,羅禮文,資訊部,changwanhshing@gmail.com
69943,劉孝燕,客服部,changwanhshing@gmail.com
44352,許建煌,總務部,changwanhshing@gmail.com
34561,任俊鳳,總務部,changwanhshing@gmail.com
71844,董家林,客服部,changwanhshing@gmail.com
29529,梁晨偉,業務部,changwanhshing@gmail.com
54438,孫晨誠,企劃部,changwanhshing@gmail.com
37251,董峰鳳,研發部,changwanhshing@gmail.com
85261,鄧大達,企劃部,changwanhshing@gmail.com
11623,孫偉浩,資訊部,changwanhshing@gmail.com
45163,林信靜,法務部,changwanhshing@gmail.com
71605,曹晴森,總務部,changwanhshing@gmail.com
92922,王仁秀,研發部,changwanhshing@gmail.com
52616,鄭志燕,品管部,changwanhshing@gmail.com
25944,宋偉淵,財務部,changwanhshing@gmail.com
76606,余偉麗,法務部,changwanhshing@gmail.com
71515,馬文文,資訊部,changwanhshing@gmail.com
14338,胡明龍,總務部,changwanhshing@gmail.com
19520,蕭俊棟,業務部,changwanhshing@gmail.com
23994,韓仁翔,行銷部,changwanhshing@gmail.com
91489,吳家林,資訊部,changwanhshing@gmail.com
17002,李景傑,生產部,changwanhshing@gmail.com
89897,林宏鳳,財務部,changwanhshing@gmail.com
15500,梁志洋,企劃部,changwanhshing@gmail.com
80571,呂晴超,生產部,changwanhshing@gmail.com
18742,宋大靜,研發部,changwanhshing@gmail.com
32574,曹禮秀,財務部,changwanhshing@gmail.com
72513,宋明秀,行銷部,changwanhshing@gmail.com
36986,蔣晨芳,採購部,changwanhshing@gmail.com
85527,劉晨毅,業務部,changwanhshing@gmail.com
11386,葉孝靜,品管部,changwanhshing@gmail.com
43129,蘇峰云,業務部,changwanhshing@gmail.com
85000,周旭毅,人事部,changwanhshing@gmail.com
22169,丁大強,品管部,changwanhshing@gmail.com
77111,趙秀輝,業務部,changwanhshing@gmail.com
23887,謝忠棟,財務部,changwanhshing@gmail.com
37934,曹雯誠,研發部,changwanhshing@gmail.com
93220,馬禮芳,行銷部,changwanhshing@gmail.com
69578,唐義秀,品管部,changwanhshing@gmail.com
17839,程慧澤,企劃部,changwanhshing@gmail.com
17906,何正勇,人事部,changwanhshing@gmail.com
31027,吳晴輝,總務部,changwanhshing@gmail.com
97811,曾正淵,研發部,changwanhshing@gmail.com
16077,曹惠超,生產部,changwanhshing@gmail.com
29384,蔡夏達,人事部,changwanhshing@gmail.com
92263,黃雅澤,倉儲部,changwanhshing@gmail.com
76856,馬家云,客服部,changwanhshing@gmail.com
96077,曹志煌,業務部,changwanhshing@gmail.com
53616,劉秀娟,資訊部,changwanhshing@gmail.com
75812,馮義軍,人事部,changwanhshing@gmail.com
37226,魏仁娟,行銷部,changwanhshing@gmail.com
74673,蕭嘉龍,採購部,changwanhshing@gmail.com
30364,杜秀鳳,稽核部,changwanhshing@gmail.com
75347,陳家宇,行銷部,changwanhshing@gmail.com
70805,程秋云,資訊部,changwanhshing@gmail.com
94364,蕭義龍,行銷部,changwanhshing@gmail.com
69604,郭夏澤,業務部,changwanhshing@gmail.com
92579,馮信文,人事部,changwanhshing@gmail.com
74919,余秋軍,總務部,changwanhshing@gmail.com
20900,謝嘉輝,品管部,changwanhshing@gmail.com
12888,曾春毅,行銷部,changwanhshing@gmail.com
58053,蔣惠棟,法務部,changwanhshing@gmail.com
50184,田晨勇,倉儲部,changwanhshing@gmail.com
91818,潘秀文,稽核部,changwanhshing@gmail.com
36994,馬宏明,生產部,changwanhshing@gmail.com
67777,呂秀娟,業務部,changwanhshing@gmail.com
79583,程晴浩,財務部,changwanhshing@gmail.com
67313,董秀輝,資訊部,changwanhshing@gmail.com
57873,余忠云,總務部,changwanhshing@gmail.com
87647,曹建博,財務部,changwanhshing@gmail.com
96784,許志麗,行銷部,changwanhshing@gmail.com
78335,田志毅,研發部,changwanhshing@gmail.com
64821,孫佳秀,人事部,changwanhshing@gmail.com
17410,袁宜洋,客服部,changwanhshing@gmail.com
74456,曹晴麗,資訊部,changwanhshing@gmail.com
71461,朱正麗,行銷部,changwanhshing@gmail.com
96103,楊俊靜,採購部,changwanhshing@gmail.com
27306,陳佳超,品管部,changwanhshing@gmail.com
14310,蔣家秀,企劃部,changwanhshing@gmail.com
83506,田麗傑,行銷部,changwanhshing@gmail.com
27656,余俊云,法務部,changwanhshing@gmail.com
17752,杜桂輝,總務部,changwanhshing@gmail.com
12581,韓淑龍,稽核部,changwanhshing@gmail.com
21059,呂偉雄,品管部,changwanhshing@gmail.com
26884,陳晨樺,財務部,changwanhshing@gmail.com
19569,魏晴文,品管部,changwanhshing@gmail.com
62770,鄭正宇,倉儲部,changwanhshing@gmail.com
99184,陳偉勇,財務部,changwanhshing@gmail.com
95726,程孝娟,總務部,changwanhshing@gmail.com
61083,蕭禮誠,稽核部,changwanhshing@gmail.com
94831,程宏靜,法務部,changwanhshing@gmail.com
19388,李佳澤,客服部,changwanhshing@gmail.com
77499,徐淑淵,研發部,changwanhshing@gmail.com
87677,蔣仁誠,客服部,changwanhshing@gmail.com
87741,羅慧云,倉儲部,changwanhshing@gmail.com
28550,梁信豪,企劃部,changwanhshing@gmail.com
42883,郭宏龍,倉儲部,changwanhshing@gmail.com
63229,馬雯洋,客服部,changwanhshing@gmail.com
65204,曹昊鳳,人事部,changwanhshing@gmail.com
69359,徐信文,研發部,changwanhshing@gmail.com
39709,徐志澤,品管部,changwanhshing@gmail.com
21732,謝偉宇,研發部,changwanhshing@gmail.com
64831,呂夏傑,採購部,changwanhshing@gmail.com
25794,孫景秀,資訊部,changwanhshing@gmail.com
99594,袁惠鳳,品管部,changwanhshing@gmail.com
88849,蔡文賢,稽核部,changwanhshing@gmail.com
54956,宋孝雄,生產部,changwanhshing@gmail.com
89688,田欣豪,稽核部,changwanhshing@gmail.com
51187,周景浩,採購部,changwanhshing@gmail.com
58193,馬仁賢,人事部,changwanhshing@gmail.com
87091,吳義達,倉儲部,changwanhshing@gmail.com
47322,彭嘉棟,業務部,changwanhshing@gmail.com
68656,董孝超,人事部,changwanhshing@gmail.com
17303,梁家林,行銷部,changwanhshing@gmail.com
91532,周義淵,業務部,changwanhshing@gmail.com
56687,胡雅林,採購部,changwanhshing@gmail.com
84596,余偉昇,法務部,changwanhshing@gmail.com
50042,蔣佳燕,稽核部,changwanhshing@gmail.com
18280,何家昇,業務部,changwanhshing@gmail.com
38707,彭志玲,研發部,changwanhshing@gmail.com
31310,曹禮雄,資訊部,changwanhshing@gmail.com
48288,吳慧軍,倉儲部,changwanhshing@gmail.com
82865,韓宏棟,品管部,changwanhshing@gmail.com
38663,李禮鳳,人事部,changwanhshing@gmail.com
29042,劉志勇,業務部,changwanhshing@gmail.com
10065,何忠輝,法務部,changwanhshing@gmail.com
73781,宋雯龍,人事部,changwanhshing@gmail.com
67261,葉桂浩,稽核部,changwanhshing@gmail.com
93214,蘇大雄,倉儲部,changwanhshing@gmail.com
95309,鄧冬鳳,生產部,changwanhshing@gmail.com
49376,梁秋燕,採購部,changwanhshing@gmail.com
76692,馮慧浩,客服部,changwanhshing@gmail.com
64225,李忠玲,人事部,changwanhshing@gmail.com
16219,葉欣龍,業務部,changwanhshing@gmail.com
21130,江惠文,生產部,changwanhshing@gmail.com
27284,郭秀敏,稽核部,changwanhshing@gmail.com
12189,林惠翔,採購部,changwanhshing@gmail.com
68411,葉信輝,品管部,changwanhshing@gmail.com
96726,王忠鳳,法務部,changwanhshing@gmail.com
41262,葉義林,生產部,changwanhshing@gmail.com
13518,謝志棟,企劃部,changwanhshing@gmail.com
44565,潘建敏,研發部,changwanhshing@gmail.com
29449,鄭淑淵,品管部,changwanhshing@gmail.com
53361,曹志達,財務部,changwanhshing@gmail.com
94230,周正雄,人事部,changwanhshing@gmail.com
41253,胡忠敏,生產部,changwanhshing@gmail.com
13456,高淑達,人事部,changwanhshing@gmail.com
92346,唐俊雄,客服部,changwanhshing@gmail.com
96283,孫文傑,生產部,changwanhshing@gmail.com
74031,何忠玲,業務部,changwanhshing@gmail.com
88976,何景鳳,人事部,changwanhshing@gmail.com
66206,任桂淵,品管部,changwanhshing@gmail.com
78431,董信超,行銷部,changwanhshing@gmail.com
67994,魏明博,法務部,changwanhshing@gmail.com
86551,胡偉芳,品管部,changwanhshing@gmail.com
54774,蔡家淵,財務部,changwanhshing@gmail.com
15779,潘美賢,人事部,changwanhshing@gmail.com
58992,鄭佳秀,資訊部,changwanhshing@gmail.com
18185,宋雯云,倉儲部,changwanhshing@gmail.com
45530,鄭孝娟,生產部,changwanhshing@gmail.com
19365,曾美偉,財務部,changwanhshing@gmail.com
34859,馮志芳,資訊部,changwanhshing@gmail.com
31708,杜冬翔,法務部,changwanhshing@gmail.com
63385,曾家燕,總務部,changwanhshing@gmail.com
60742,唐禮強,品管部,changwanhshing@gmail.com
78573,田嘉傑,生產部,changwanhshing@gmail.com
74338,趙晴雄,倉儲部,changwanhshing@gmail.com
74738,劉仁文,研發部,changwanhshing@gmail.com
50254,朱晨賢,研發部,changwanhshing@gmail.com
63997,董文明,人事部,changwanhshing@gmail.com
29155,張惠豪,人事部,changwanhshing@gmail.com
30591,丁旭森,生產部,changwanhshing@gmail.com
47468,彭宜賢,人事部,changwanhshing@gmail.com
20053,林淑娟,人事部,changwanhshing@gmail.com
27374,田禮達,業務部,changwanhshing@gmail.com
83440,余惠翔,行銷部,changwanhshing@gmail.com
20180,韓嘉澤,人事部,changwanhshing@gmail.com
46968,黃宜傑,品管部,changwanhshing@gmail.com
71552,蔡文文,稽核部,changwanhshing@gmail.com
83513,陳春玲,客服部,changwanhshing@gmail.com
17769,高雅宇,採購部,changwanhshing@gmail.com
77053,周春賢,研發部,changwanhshing@gmail.com
84898,王忠誠,稽核部,changwanhshing@gmail.com
48395,葉國賢,資訊部,changwanhshing@gmail.com
25630,鄧正明,企劃部,changwanhshing@gmail.com
18961,鄭欣達,企劃部,changwanhshing@gmail.com
10774,蘇國翔,資訊部,changwanhshing@gmail.com
70184,馬晨洋,企劃部,changwanhshing@gmail.com
70136,林孝煌,總務部,changwanhshing@gmail.com
55831,周宜勇,業務部,changwanhshing@gmail.com
97252,趙夏傑,業務部,changwanhshing@gmail.com
96021,馮大鳳,資訊部,changwanhshing@gmail.com
39932,潘桂達,企劃部,changwanhshing@gmail.com
50018,吳旭云,採購部,changwanhshing@gmail.com
52332,周信龍,生產部,changwanhshing@gmail.com
88478,袁家洋,生產部,changwanhshing@gmail.com
74109,馬秋敏,資訊部,changwanhshing@gmail.com
53435,馮麗玲,生產部,changwanhshing@gmail.com
70798,朱國雄,人事部,changwanhshing@gmail.com
91563,楊正昇,業務部,changwanhshing@gmail.com
26137,曾義達,研發部,changwanhshing@gmail.com
82819,謝雅棟,法務部,changwanhshing@gmail.com
95320,蔣家超,法務部,changwanhshing@gmail.com
58602,田大浩,生產部,changwanhshing@gmail.com
83930,張志鳳,倉儲部,changwanhshing@gmail.com
49424,蔡嘉龍,總務部,changwanhshing@gmail.com
52372,張秋森,人事部,changwanhshing@gmail.com
22357,田義玲,品管部,changwanhshing@gmail.com
70300,楊雯燕,採購部,changwanhshing@gmail.com
54905,唐淑麗,品管部,changwanhshing@gmail.com
23315,李文博,研發部,changwanhshing@gmail.com
91256,黃桂煌,企劃部,changwanhshing@gmail.com
79031,魏慧翔,稽核部,changwanhshing@gmail.com
12892,李夏誠,業務部,changwanhshing@gmail.com
40657,田麗明,生產部,changwanhshing@gmail.com
30648,丁宏樺,品管部,changwanhshing@gmail.com
86280,許秀誠,研發部,changwanhshing@gmail.com
78021,陳惠昇,人事部,changwanhshing@gmail.com
89700,黃秀軍,法務部,changwanhshing@gmail.com
49655,李麗洋,行銷部,changwanhshing@gmail.com
54055,潘麗敏,企劃部,changwanhshing@gmail.com
86788,黃孝輝,行銷部,changwanhshing@gmail.com
19586,董明達,業務部,changwanhshing@gmail.com
18597,余旭超,倉儲部,changwanhshing@gmail.com
25500,胡惠輝,業務部,changwanhshing@gmail.com
97454,周正毅,行銷部,changwanhshing@gmail.com
22946,鄧美澤,財務部,changwanhshing@gmail.com
25379,唐美玲,品管部,changwanhshing@gmail.com
37848,吳峰麗,人事部,changwanhshing@gmail.com
61496,張佳敏,財務部,changwanhshing@gmail.com
67818,任宜浩,人事部,changwanhshing@gmail.com
20981,宋宏博,企劃部,changwanhshing@gmail.com
44996,李信宇,企劃部,changwanhshing@gmail.com
36274,董昊林,法務部,changwanhshing@gmail.com
97099,鄧大超,法務部,changwanhshing@gmail.com
29036,高夏翔,總務部,changwanhshing@gmail.com
34476,唐宏傑,研發部,changwanhshing@gmail.com
44108,趙雯誠,業務部,changwanhshing@gmail.com
13037,江禮達,財務部,changwanhshing@gmail.com
11333,蘇義文,品管部,changwanhshing@gmail.com
79370,楊家鳳,倉儲部,changwanhshing@gmail.com
28087,梁秀龍,稽核部,changwanhshing@gmail.com
22132,杜嘉豪,生產部,changwanhshing@gmail.com
52466,蔡正鳳,生產部,changwanhshing@gmail.com
34424,高景玲,採購部,changwanhshing@gmail.com
35966,周夏燕,倉儲部,changwanhshing@gmail.com
32521,魏大翔,品管部,changwanhshing@gmail.com
66610,馬仁芳,總務部,changwanhshing@gmail.com
23202,馬宏棟,品管部,changwanhshing@gmail.com
79774,潘佳勇,總務部,changwanhshing@gmail.com
96695,林秀煌,生產部,changwanhshing@gmail.com
37227,徐志博,企劃部,changwanhshing@gmail.com
17574,曹家娟,財務部,changwanhshing@gmail.com
88937,謝忠超,人事部,changwanhshing@gmail.com
15651,王旭毅,研發部,changwanhshing@gmail.com
75893,鄧雯翔,業務部,changwanhshing@gmail.com
63045,何春誠,採購部,changwanhshing@gmail.com
93247,王明翔,倉儲部,changwanhshing@gmail.com
87857,馬大達,客服部,changwanhshing@gmail.com
31751,周正秀,業務部,changwanhshing@gmail.com
87380,高惠麗,品管部,changwanhshing@gmail.com
25424,曹慧豪,資訊部,changwanhshing@gmail.com
29366,黃偉森,業務部,changwanhshing@gmail.com
80728,蔣明博,研發部,changwanhshing@gmail.com
61389,吳義博,品管部,changwanhshing@gmail.com
57811,張桂偉,稽核部,changwanhshing@gmail.com
49081,李美澤,採購部,changwanhshing@gmail.com
84749,江欣雄,生產部,changwanhshing@gmail.com
11130,余宏秀,總務部,changwanhshing@gmail.com
57797,周嘉林,人事部,changwanhshing@gmail.com
84141,張文淵,資訊部,changwanhshing@gmail.com
32585,袁旭勇,企劃部,changwanhshing@gmail.com
79795,杜家靜,生產部,changwanhshing@gmail.com
14204,程忠煌,客服部,changwanhshing@gmail.com
67574,周春樺,研發部,changwanhshing@gmail.com
39878,黃嘉玲,總務部,changwanhshing@gmail.com
16886,曾峰龍,稽核部,changwanhshing@gmail.com
63679,蔣慧龍,法務部,changwanhshing@gmail.com
42655,呂國龍,資訊部,changwanhshing@gmail.com
31354,胡國龍,倉儲部,changwanhshing@gmail.com
97342,孫晴明,生產部,changwanhshing@gmail.com
96530,田偉昇,客服部,changwanhshing@gmail.com
65691,趙昊雄,財務部,changwanhshing@gmail.com
69162,高正麗,研發部,changwanhshing@gmail.com
22609,郭明軍,品管部,changwanhshing@gmail.com
69736,胡慧豪,生產部,changwanhshing@gmail.com
27267,董雅浩,業務部,changwanhshing@gmail.com
13870,蕭秋敏,研發部,changwanhshing@gmail.com
61993,潘淑龍,財務部,changwanhshing@gmail.com
85452,余欣傑,人事部,changwanhshing@gmail.com
58172,魏義靜,企劃部,changwanhshing@gmail.com
73429,徐偉勇,採購部,changwanhshing@gmail.com
45213,余孝龍,客服部,changwanhshing@gmail.com
81205,田景超,生產部,changwanhshing@gmail.com
22151,彭晴秀,資訊部,changwanhshing@gmail.com
64036,何秀宇,人事部,changwanhshing@gmail.com
94743,曹建明,生產部,changwanhshing@gmail.com
82924,江淑明,客服部,changwanhshing@gmail.com
31060,李春芳,稽核部,changwanhshing@gmail.com
18823,王夏鳳,行銷部,changwanhshing@gmail.com
52286,張雅文,倉儲部,changwanhshing@gmail.com
51141,程雅超,行銷部,changwanhshing@gmail.com
14575,韓文秀,採購部,changwanhshing@gmail.com
82414,潘宏敏,法務部,changwanhshing@gmail.com
97911,彭信云,總務部,changwanhshing@gmail.com
77541,彭惠勇,研發部,changwanhshing@gmail.com
89490,程麗傑,品管部,changwanhshing@gmail.com
23623,郭春賢,人事部,changwanhshing@gmail.com
78777,徐國浩,人事部,changwanhshing@gmail.com
55138,李雯麗,稽核部,changwanhshing@gmail.com
15832,梁仁浩,資訊部,changwanhshing@gmail.com
55602,曹孝秀,品管部,changwanhshing@gmail.com
21682,張正芳,財務部,changwanhshing@gmail.com
89241,周淑棟,法務部,changwanhshing@gmail.com
47543,彭嘉賢,法務部,changwanhshing@gmail.com
21318,曾建賢,倉儲部,changwanhshing@gmail.com
48330,楊國秀,法務部,changwanhshing@gmail.com
99116,馮佳樺,研發部,changwanhshing@gmail.com
23220,鄧嘉煌,採購部,changwanhshing@gmail.com
75063,謝孝宇,人事部,changwanhshing@gmail.com
76426,余正敏,稽核部,changwanhshing@gmail.com
54538,朱志龍,總務部,changwanhshing@gmail.com
16024,胡秋傑,品管部,changwanhshing@gmail.com
21194,呂家超,資訊部,changwanhshing@gmail.com
36419,郭佳鳳,財務部,changwanhshing@gmail.com
21101,張冬賢,客服部,changwanhshing@gmail.com
31980,蔣嘉鳳,採購部,changwanhshing@gmail.com
70211,許俊鳳,行銷部,changwanhshing@gmail.com
80092,鄧明文,倉儲部,changwanhshing@gmail.com
58669,蘇景云,行銷部,changwanhshing@gmail.com
44135,梁國煌,財務部,changwanhshing@gmail.com
51446,李宏玲,業務部,changwanhshing@gmail.com
26131,唐信娟,品管部,changwanhshing@gmail.com
48484,朱淑昇,倉儲部,changwanhshing@gmail.com
90651,劉家偉,企劃部,changwanhshing@gmail.com
51235,葉仁靜,品管部,changwanhshing@gmail.com
76737,葉建敏,研發部,changwanhshing@gmail.com
79481,蔣晨麗,人事部,changwanhshing@gmail.com
35411,劉仁偉,人事部,changwanhshing@gmail.com
88650,田惠強,財務部,changwanhshing@gmail.com
48494,唐春輝,企劃部,changwanhshing@gmail.com
49890,胡美博,稽核部,changwanhshing@gmail.com
84150,吳家娟,法務部,changwanhshing@gmail.com
78708,田俊煌,品管部,changwanhshing@gmail.com
72347,馬宏勇,採購部,changwanhshing@gmail.com
22579,潘淑昇,行銷部,changwanhshing@gmail.com
83359,郭晴鳳,資訊部,changwanhshing@gmail.com
59541,羅佳靜,企劃部,changwanhshing@gmail.com
24180,蔡禮芳,財務部,changwanhshing@gmail.com
20821,胡惠云,總務部,changwanhshing@gmail.com
83507,鄭昊賢,業務部,changwanhshing@gmail.com
52965,何雯勇,採購部,changwanhshing@gmail.com
15654,梁峰鳳,客服部,changwanhshing@gmail.com
23070,李峰翔,企劃部,changwanhshing@gmail.com
29962,魏偉浩,資訊部,changwanhshing@gmail.com
25765,徐慧靜,業務部,changwanhshing@gmail.com
35855,梁孝玲,財務部,changwanhshing@gmail.com
54038,陳旭勇,人事部,changwanhshing@gmail.com
18396,袁桂麗,客服部,changwanhshing@gmail.com
13605,孫佳賢,稽核部,changwanhshing@gmail.com
17600,董仁燕,稽核部,changwanhshing@gmail.com
78798,徐文樺,行銷部,changwanhshing@gmail.com
97609,謝義賢,總務部,changwanhshing@gmail.com
32787,鄧文宇,倉儲部,changwanhshing@gmail.com
10438,呂文輝,人事部,changwanhshing@gmail.com
74188,潘晴玲,倉儲部,changwanhshing@gmail.com
96337,林惠樺,採購部,changwanhshing@gmail.com
26414,徐秀敏,財務部,changwanhshing@gmail.com
63859,郭建傑,倉儲部,changwanhshing@gmail.com
44771,程明樺,企劃部,changwanhshing@gmail.com
15819,梁孝淵,財務部,changwanhshing@gmail.com
77094,袁信明,法務部,changwanhshing@gmail.com
65622,林信鳳,客服部,changwanhshing@gmail.com
22265,馬家鳳,研發部,changwanhshing@gmail.com
26634,胡昊勇,法務部,changwanhshing@gmail.com
87859,李佳麗,總務部,changwanhshing@gmail.com
19617,潘偉偉,生產部,changwanhshing@gmail.com
91946,林大達,生產部,changwanhshing@gmail.com
73398,蔣昊浩,倉儲部,changwanhshing@gmail.com
52788,蔣景勇,資訊部,changwanhshing@gmail.com
39209,馬晨偉,倉儲部,changwanhshing@gmail.com
59872,李俊鳳,生產部,changwanhshing@gmail.com
80956,許秋博,品管部,changwanhshing@gmail.com
28536,任義賢,總務部,changwanhshing@gmail.com
75000,潘景澤,採購部,changwanhshing@gmail.com
52797,宋慧娟,採購部,changwanhshing@gmail.com
26409,魏晨誠,倉儲部,changwanhshing@gmail.com
65259,江嘉敏,人事部,changwanhshing@gmail.com
82884,鄧惠森,稽核部,changwanhshing@gmail.com
23871,吳禮棟,資訊部,changwanhshing@gmail.com
91212,任慧誠,品管部,changwanhshing@gmail.com
12349,丁桂輝,資訊部,changwanhshing@gmail.com
95122,潘惠浩,企劃部,changwanhshing@gmail.com
35319,葉晴翔,人事部,changwanhshing@gmail.com
23690,曾義宇,財務部,changwanhshing@gmail.com
24787,趙建賢,資訊部,changwanhshing@gmail.com
81815,葉偉龍,財務部,changwanhshing@gmail.com
48744,馬桂傑,採購部,changwanhshing@gmail.com
92535,趙淑棟,稽核部,changwanhshing@gmail.com
73313,高淑豪,倉儲部,changwanhshing@gmail.com
52126,董宜煌,業務部,changwanhshing@gmail.com
55035,鄭明娟,品管部,changwanhshing@gmail.com
93067,宋雅軍,業務部,changwanhshing@gmail.com
95544,徐秋豪,企劃部,changwanhshing@gmail.com
88522,鄧孝豪,採購部,changwanhshing@gmail.com
65725,潘志毅,倉儲部,changwanhshing@gmail.com
14315,朱旭澤,研發部,changwanhshing@gmail.com
83119,許雅達,倉儲部,changwanhshing@gmail.com
88331,馮惠煌,總務部,changwanhshing@gmail.com
32989,馬禮文,業務部,changwanhshing@gmail.com
74151,許雯誠,生產部,changwanhshing@gmail.com
21962,李忠淵,法務部,changwanhshing@gmail.com
63897,黃秀勇,品管部,changwanhshing@gmail.com
56478,許旭傑,行銷部,changwanhshing@gmail.com
12343,孫夏賢,生產部,changwanhshing@gmail.com
67366,許仁勇,客服部,changwanhshing@gmail.com
21899,鄭春娟,生產部,changwanhshing@gmail.com
34460,張明傑,財務部,changwanhshing@gmail.com
35351,葉義煌,稽核部,changwanhshing@gmail.com
49713,梁佳勇,行銷部,changwanhshing@gmail.com
40543,趙仁燕,生產部,changwanhshing@gmail.com
65952,謝雯浩,生產部,changwanhshing@gmail.com
98022,楊晴煌,法務部,changwanhshing@gmail.com
59442,周大明,法務部,changwanhshing@gmail.com
49029,杜麗棟,企劃部,changwanhshing@gmail.com
66215,張孝洋,資訊部,changwanhshing@gmail.com
93125,楊忠傑,企劃部,changwanhshing@gmail.com
94961,張春敏,倉儲部,changwanhshing@gmail.com
15772,袁仁雄,法務部,changwanhshing@gmail.com
12049,黃孝博,總務部,changwanhshing@gmail.com
61936,任正秀,倉儲部,changwanhshing@gmail.com
32324,葉偉翔,企劃部,changwanhshing@gmail.com
26295,袁宏洋,採購部,changwanhshing@gmail.com
38940,田雅鳳,採購部,changwanhshing@gmail.com
61183,袁峰傑,採購部,changwanhshing@gmail.com
25954,蕭秋昇,品管部,changwanhshing@gmail.com
33097,何文雄,企劃部,changwanhshing@gmail.com
63813,羅大煌,品管部,changwanhshing@gmail.com
84414,曾秀森,倉儲部,changwanhshing@gmail.com
54818,朱嘉燕,業務部,changwanhshing@gmail.com
15747,林宜龍,行銷部,changwanhshing@gmail.com
95902,任文浩,生產部,changwanhshing@gmail.com
38470,董禮賢,業務部,changwanhshing@gmail.com
37725,王孝鳳,倉儲部,changwanhshing@gmail.com
52346,胡大鳳,企劃部,changwanhshing@gmail.com
70384,鄧文博,總務部,changwanhshing@gmail.com
95302,徐仁麗,稽核部,changwanhshing@gmail.com
26947,蕭雅誠,客服部,changwanhshing@gmail.com
24243,魏桂翔,企劃部,changwanhshing@gmail.com
76239,梁峰秀,法務部,changwanhshing@gmail.com
12729,高明芳,採購部,changwanhshing@gmail.com
34603,劉宜龍,總務部,changwanhshing@gmail.com
27184,吳春森,企劃部,changwanhshing@gmail.com
78453,潘宜靜,採購部,changwanhshing@gmail.com
71765,韓嘉森,稽核部,changwanhshing@gmail.com
67921,蔡佳棟,生產部,changwanhshing@gmail.com
31149,董峰煌,法務部,changwanhshing@gmail.com
75463,朱慧勇,業務部,changwanhshing@gmail.com
57422,張淑昇,生產部,changwanhshing@gmail.com
11119,梁忠玲,倉儲部,changwanhshing@gmail.com
18986,吳美博,總務部,changwanhshing@gmail.com
67059,李秋勇,客服部,changwanhshing@gmail.com
38966,周禮森,財務部,changwanhshing@gmail.com
91593,彭晴強,行銷部,changwanhshing@gmail.com
10500,蕭雅昇,採購部,changwanhshing@gmail.com
72785,余旭森,財務部,changwanhshing@gmail.com
64885,余美敏,研發部,changwanhshing@gmail.com
38627,郭嘉云,研發部,changwanhshing@gmail.com
86192,程信昇,總務部,changwanhshing@gmail.com
36361,江偉玲,研發部,changwanhshing@gmail.com
30970,呂麗誠,法務部,changwanhshing@gmail.com
19609,高景豪,採購部,changwanhshing@gmail.com
50619,高秀森,資訊部,changwanhshing@gmail.com
98947,宋文輝,企劃部,changwanhshing@gmail.com
96234,郭孝敏,品管部,changwanhshing@gmail.com
21472,葉佳淵,總務部,changwanhshing@gmail.com
94224,王峰龍,品管部,changwanhshing@gmail.com
94667,袁家強,客服部,changwanhshing@gmail.com
62809,高孝燕,倉儲部,changwanhshing@gmail.com
21026,劉秀浩,資訊部,changwanhshing@gmail.com
93294,蕭欣宇,業務部,changwanhshing@gmail.com
44392,徐雅傑,倉儲部,changwanhshing@gmail.com
63185,楊宜娟,稽核部,changwanhshing@gmail.com
17655,馮秀秀,財務部,changwanhshing@gmail.com
77470,黃冬林,生產部,changwanhshing@gmail.com
68354,張明強,人事部,changwanhshing@gmail.com
20006,魏孝森,法務部,changwanhshing@gmail.com
95675,葉雯輝,企劃部,changwanhshing@gmail.com
32908,謝夏淵,總務部,changwanhshing@gmail.com
93752,馬佳鳳,資訊部,changwanhshing@gmail.com
11326,孫旭娟,企劃部,changwanhshing@gmail.com
77354,丁義林,倉儲部,changwanhshing@gmail.com
91241,羅欣宇,資訊部,changwanhshing@gmail.com
29096,鄧家軍,法務部,changwanhshing@gmail.com
71477,蕭昊軍,總務部,changwanhshing@gmail.com
43793,羅國森,人事部,changwanhshing@gmail.com
75413,王國賢,稽核部,changwanhshing@gmail.com
12598,曾旭敏,品管部,changwanhshing@gmail.com
68273,任偉宇,倉儲部,changwanhshing@gmail.com
45738,馬美宇,總務部,changwanhshing@gmail.com
69882,鄧國林,法務部,changwanhshing@gmail.com
57126,呂美博,行銷部,changwanhshing@gmail.com
91426,周孝軍,財務部,changwanhshing@gmail.com
57340,杜秀偉,品管部,changwanhshing@gmail.com
52931,趙秀毅,生產部,changwanhshing@gmail.com
71305,劉秋森,品管部,changwanhshing@gmail.com
44166,唐國秀,稽核部,changwanhshing@gmail.com
18675,田志龍,客服部,changwanhshing@gmail.com
45485,江禮煌,財務部,changwanhshing@gmail.com
44913,徐家鳳,稽核部,changwanhshing@gmail.com
94164,田義林,稽核部,changwanhshing@gmail.com
20024,彭國博,企劃部,changwanhshing@gmail.com
52640,宋冬傑,總務部,changwanhshing@gmail.com
29013,張景傑,總務部,changwanhshing@gmail.com
16428,葉旭賢,人事部,changwanhshing@gmail.com
39789,胡桂麗,企劃部,changwanhshing@gmail.com
86508,高正明,業務部,changwanhshing@gmail.com
31261,黃麗鳳,財務部,changwanhshing@gmail.com
10702,梁昊麗,採購部,changwanhshing@gmail.com
79829,謝佳鳳,企劃部,changwanhshing@gmail.com
22104,田夏傑,資訊部,changwanhshing@gmail.com
34947,劉晴文,客服部,changwanhshing@gmail.com
32925,鄭峰賢,業務部,changwanhshing@gmail.com
82211,劉冬強,總務部,changwanhshing@gmail.com
34977,馮文玲,生產部,changwanhshing@gmail.com
29035,田家鳳,總務部,changwanhshing@gmail.com
25769,蕭禮強,總務部,changwanhshing@gmail.com
66536,張大燕,業務部,changwanhshing@gmail.com
76628,胡景傑,稽核部,changwanhshing@gmail.com
31433,林美樺,稽核部,changwanhshing@gmail.com
43178,張昊明,資訊部,changwanhshing@gmail.com
65869,呂佳娟,客服部,changwanhshing@gmail.com
46766,劉峰洋,行銷部,changwanhshing@gmail.com
50231,孫景文,財務部,changwanhshing@gmail.com
45150,許桂靜,生產部,changwanhshing@gmail.com
22514,蔡俊誠,財務部,changwanhshing@gmail.com
48757,潘宜娟,財務部,changwanhshing@gmail.com
96272,蔣宜玲,行銷部,changwanhshing@gmail.com
52290,杜家靜,法務部,changwanhshing@gmail.com
98966,鄧慧娟,客服部,changwanhshing@gmail.com
20599,高忠毅,採購部,changwanhshing@gmail.com
89440,唐禮偉,客服部,changwanhshing@gmail.com
15585,羅禮文,財務部,changwanhshing@gmail.com
98178,田明芳,總務部,changwanhshing@gmail.com
95009,王夏昇,客服部,changwanhshing@gmail.com
25281,林春雄,研發部,changwanhshing@gmail.com
49608,周冬偉,行銷部,changwanhshing@gmail.com
61755,馮冬雄,業務部,changwanhshing@gmail.com
72825,宋國勇,客服部,changwanhshing@gmail.com
55245,徐文昇,財務部,changwanhshing@gmail.com
53610,李桂棟,客服部,changwanhshing@gmail.com
58640,吳宜云,行銷部,changwanhshing@gmail.com
71285,朱偉雄,稽核部,changwanhshing@gmail.com
84907,魏文賢,生產部,changwanhshing@gmail.com
38512,林志云,客服部,changwanhshing@gmail.com
73507,郭孝樺,採購部,changwanhshing@gmail.com
12891,魏家翔,人事部,changwanhshing@gmail.com
41882,林淑達,品管部,changwanhshing@gmail.com
68671,陳夏煌,採購部,changwanhshing@gmail.com
20420,張明浩,研發部,changwanhshing@gmail.com
49972,羅宜博,採購部,changwanhshing@gmail.com
99298,曾雅文,行銷部,changwanhshing@gmail.com
71302,余慧洋,客服部,changwanhshing@gmail.com
47131,楊仁達,企劃部,changwanhshing@gmail.com
77742,胡仁燕,品管部,changwanhshing@gmail.com
37156,余文傑,倉儲部,changwanhshing@gmail.com
19100,江惠豪,採購部,changwanhshing@gmail.com
77746,楊志燕,財務部,changwanhshing@gmail.com
47573,馮仁玲,法務部,changwanhshing@gmail.com
83105,丁忠洋,法務部,changwanhshing@gmail.com
62456,任峰洋,生產部,changwanhshing@gmail.com
76783,周偉棟,客服部,changwanhshing@gmail.com
43754,王雯鳳,企劃部,changwanhshing@gmail.com
46806,李家昇,品管部,changwanhshing@gmail.com
39318,吳國毅,企劃部,changwanhshing@gmail.com
63414,江雯森,品管部,changwanhshing@gmail.com
36566,胡峰偉,資訊部,changwanhshing@gmail.com
88549,江美偉,稽核部,changwanhshing@gmail.com
27587,程雯博,總務部,changwanhshing@gmail.com
89753,袁嘉博,總務部,changwanhshing@gmail.com
50799,周俊毅,業務部,changwanhshing@gmail.com
54087,郭家煌,總務部,changwanhshing@gmail.com
51158,張信浩,稽核部,changwanhshing@gmail.com
16235,謝宏明,人事部,changwanhshing@gmail.com
86828,丁忠昇,資訊部,changwanhshing@gmail.com
12917,董晴澤,財務部,changwanhshing@gmail.com
79923,丁國毅,稽核部,changwanhshing@gmail.com
47382,江桂賢,財務部,changwanhshing@gmail.com
33685,高文麗,行銷部,changwanhshing@gmail.com
70569,徐慧麗,資訊部,changwanhshing@gmail.com
59880,丁秀文,總務部,changwanhshing@gmail.com
73154,蔡佳軍,資訊部,changwanhshing@gmail.com
87721,趙文宇,總務部,changwanhshing@gmail.com
74372,鄧春傑,採購部,changwanhshing@gmail.com
79077,林俊賢,稽核部,changwanhshing@gmail.com
48728,曹淑偉,業務部,changwanhshing@gmail.com
36232,鄭仁偉,總務部,changwanhshing@gmail.com
73384,杜義靜,品管部,changwanhshing@gmail.com
88739,江忠煌,品管部,changwanhshing@gmail.com
13709,胡桂勇,總務部,changwanhshing@gmail.com
43796,徐冬賢,法務部,changwanhshing@gmail.com
42750,趙峰豪,品管部,changwanhshing@gmail.com
81715,蔡宜云,企劃部,changwanhshing@gmail.com
28830,吳孝宇,品管部,changwanhshing@gmail.com
51468,許晨澤,行銷部,changwanhshing@gmail.com
39159,呂景燕,品管部,changwanhshing@gmail.com
58845,周義達,法務部,changwanhshing@gmail.com
91292,呂晨昇,品管部,changwanhshing@gmail.com
68610,吳峰文,採購部,changwanhshing@gmail.com
14527,鄧嘉敏,品管部,changwanhshing@gmail.com
10852,田雅鳳,倉儲部,changwanhshing@gmail.com
73893,鄧大麗,品管部,changwanhshing@gmail.com
38235,魏淑豪,財務部,changwanhshing@gmail.com
92592,丁峰鳳,生產部,changwanhshing@gmail.com
62439,吳忠勇,倉儲部,changwanhshing@gmail.com
20482,趙美翔,稽核部,changwanhshing@gmail.com
66062,董忠偉,品管部,changwanhshing@gmail.com
91622,趙桂明,人事部,changwanhshing@gmail.com
80369,黃昊棟,業務部,changwanhshing@gmail.com
12428,唐雅芳,生產部,changwanhshing@gmail.com
71175,郭慧傑,人事部,changwanhshing@gmail.com
14734,劉淑鳳,生產部,changwanhshing@gmail.com
82431,葉秋樺,稽核部,changwanhshing@gmail.com
28976,呂淑煌,業務部,changwanhshing@gmail.com
37390,王大林,財務部,changwanhshing@gmail.com
15154,蔣孝樺,財務部,changwanhshing@gmail.com
26538,劉晴敏,人事部,changwanhshing@gmail.com
94819,徐晴芳,法務部,changwanhshing@gmail.com
89509,馬春博,客服部,changwanhshing@gmail.com
91919,趙景洋,研發部,changwanhshing@gmail.com
90765,馮晨昇,資訊部,changwanhshing@gmail.com
95118,丁晴雄,法務部,changwanhshing@gmail.com
42066,蕭旭雄,總務部,changwanhshing@gmail.com
54382,魏慧森,法務部,changwanhshing@gmail.com
90938,潘偉樺,法務部,changwanhshing@gmail.com
23850,高義麗,生產部,changwanhshing@gmail.com
37346,袁冬誠,行銷部,changwanhshing@gmail.com
80207,魏宜靜,品管部,changwanhshing@gmail.com
73062,葉旭淵,行銷部,changwanhshing@gmail.com
17872,彭欣誠,研發部,changwanhshing@gmail.com
34078,蘇俊棟,財務部,changwanhshing@gmail.com
36702,羅禮賢,客服部,changwanhshing@gmail.com
11925,朱惠賢,法務部,changwanhshing@gmail.com
53372,丁晴昇,財務部,changwanhshing@gmail.com
45031,董俊云,採購部,changwanhshing@gmail.com
75600,丁桂林,法務部,changwanhshing@gmail.com
34463,彭麗林,生產部,changwanhshing@gmail.com
35385,李昊輝,業務部,changwanhshing@gmail.com
45727,田佳賢,總務部,changwanhshing@gmail.com
77926,江晴娟,採購部,changwanhshing@gmail.com
41106,蕭惠芳,倉儲部,changwanhshing@gmail.com
95212,蘇晴芳,資訊部,changwanhshing@gmail.com
77969,潘家淵,客服部,changwanhshing@gmail.com
76099,田偉靜,資訊部,changwanhshing@gmail.com
50595,徐志偉,倉儲部,changwanhshing@gmail.com
76107,朱雯敏,人事部,changwanhshing@gmail.com
45103,胡文麗,行銷部,changwanhshing@gmail.com
17634,胡麗浩,業務部,changwanhshing@gmail.com
17467,魏秀超,財務部,changwanhshing@gmail.com
45621,曹孝軍,稽核部,changwanhshing@gmail.com
41876,馬惠鳳,總務部,changwanhshing@gmail.com
82672,蔣麗勇,研發部,changwanhshing@gmail.com
23021,呂雅翔,品管部,changwanhshing@gmail.com
24545,潘嘉達,財務部,changwanhshing@gmail.com
89552,田秀靜,行銷部,changwanhshing@gmail.com
13912,徐俊龍,研發部,changwanhshing@gmail.com
43743,周文雄,稽核部,changwanhshing@gmail.com
34293,蕭義林,總務部,changwanhshing@gmail.com
10082,徐孝傑,法務部,changwanhshing@gmail.com
17340,趙春燕,業務部,changwanhshing@gmail.com
48523,唐欣傑,業務部,changwanhshing@gmail.com
73040,徐文明,總務部,changwanhshing@gmail.com
81963,趙峰澤,生產部,changwanhshing@gmail.com
35175,任偉芳,採購部,changwanhshing@gmail.com
48629,林嘉軍,財務部,changwanhshing@gmail.com
70061,任秀燕,人事部,changwanhshing@gmail.com
81807,曹春森,財務部,changwanhshing@gmail.com
41672,劉禮秀,行銷部,changwanhshing@gmail.com
88458,鄧佳毅,客服部,changwanhshing@gmail.com
62001,馬志毅,企劃部,changwanhshing@gmail.com
92327,余景靜,品管部,changwanhshing@gmail.com
63371,羅夏雄,業務部,changwanhshing@gmail.com
83546,徐桂鳳,總務部,changwanhshing@gmail.com
71341,袁嘉誠,企劃部,changwanhshing@gmail.com
99001,黃忠靜,業務部,changwanhshing@gmail.com
61497,丁昊勇,資訊部,changwanhshing@gmail.com
76136,趙偉軍,研發部,changwanhshing@gmail.com
12284,曹文豪,採購部,changwanhshing@gmail.com
78440,杜惠超,人事部,changwanhshing@gmail.com
22356,杜忠娟,企劃部,changwanhshing@gmail.com
24127,梁淑秀,倉儲部,changwanhshing@gmail.com
28419,潘春豪,行銷部,changwanhshing@gmail.com
66370,趙峰樺,企劃部,changwanhshing@gmail.com
67016,蕭秀翔,生產部,changwanhshing@gmail.com
13083,羅仁樺,客服部,changwanhshing@gmail.com
99592,馮旭賢,人事部,changwanhshing@gmail.com
43154,曹文翔,生產部,changwanhshing@gmail.com
16421,吳雯秀,客服部,changwanhshing@gmail.com
27058,丁文強,生產部,changwanhshing@gmail.com
41665,趙忠鳳,倉儲部,changwanhshing@gmail.com
84508,呂大芳,企劃部,changwanhshing@gmail.com
42338,蕭冬浩,人事部,changwanhshing@gmail.com
87250,韓麗麗,品管部,changwanhshing@gmail.com
90979,杜桂浩,倉儲部,changwanhshing@gmail.com
58062,趙麗鳳,稽核部,changwanhshing@gmail.com
10726,許正煌,人事部,changwanhshing@gmail.com
69951,陳峰輝,生產部,changwanhshing@gmail.com
23095,韓景澤,資訊部,changwanhshing@gmail.com
44447,任仁軍,企劃部,changwanhshing@gmail.com
66045,鄧秀靜,生產部,changwanhshing@gmail.com
54617,高建勇,研發部,changwanhshing@gmail.com
30774,羅峰棟,資訊部,changwanhshing@gmail.com
59014,袁忠樺,稽核部,changwanhshing@gmail.com
79236,田仁森,資訊部,changwanhshing@gmail.com
91173,余雯棟,人事部,changwanhshing@gmail.com
22112,鄧忠達,生產部,changwanhshing@gmail.com
44963,曾孝雄,行銷部,changwanhshing@gmail.com
13866,韓嘉玲,資訊部,changwanhshing@gmail.com
59420,朱晴棟,生產部,changwanhshing@gmail.com
50495,彭秋明,總務部,changwanhshing@gmail.com
25639,周雅芳,生產部,changwanhshing@gmail.com
21309,呂佳敏,企劃部,changwanhshing@gmail.com
15133,袁嘉雄,總務部,changwanhshing@gmail.com
61941,韓秀玲,財務部,changwanhshing@gmail.com
46864,何秀鳳,企劃部,changwanhshing@gmail.com
84586,陳信鳳,倉儲部,changwanhshing@gmail.com
55423,蕭秋昇,總務部,changwanhshing@gmail.com
62870,程淑誠,採購部,changwanhshing@gmail.com
78417,江秀靜,倉儲部,changwanhshing@gmail.com
53334,梁旭娟,資訊部,changwanhshing@gmail.com
79737,黃旭浩,客服部,changwanhshing@gmail.com
49137,宋冬淵,法務部,changwanhshing@gmail.com
41031,胡偉浩,人事部,changwanhshing@gmail.com
94651,任忠雄,行銷部,changwanhshing@gmail.com
75173,田晨輝,資訊部,changwanhshing@gmail.com
83125,葉義昇,稽核部,changwanhshing@gmail.com
23125,王冬敏,法務部,changwanhshing@gmail.com
82349,丁文傑,資訊部,changwanhshing@gmail.com
27340,朱景誠,生產部,changwanhshing@gmail.com
14291,程惠森,品管部,changwanhshing@gmail.com
61639,唐佳鳳,品管部,changwanhshing@gmail.com
36643,袁信達,總務部,changwanhshing@gmail.com
57416,唐義明,企劃部,changwanhshing@gmail.com
77158,彭偉達,資訊部,changwanhshing@gmail.com
71370,楊正雄,客服部,changwanhshing@gmail.com
73728,郭春樺,品管部,changwanhshing@gmail.com
17408,魏家秀,總務部,changwanhshing@gmail.com
75707,李晨浩,稽核部,changwanhshing@gmail.com
26248,高禮云,總務部,changwanhshing@gmail.com
35475,袁大芳,稽核部,changwanhshing@gmail.com
21737,宋仁林,採購部,changwanhshing@gmail.com
56896,徐麗云,研發部,changwanhshing@gmail.com
24057,王桂明,資訊部,changwanhshing@gmail.com
85127,李宜宇,稽核部,changwanhshing@gmail.com
81784,鄧秋賢,倉儲部,changwanhshing@gmail.com
11084,蔣禮毅,倉儲部,changwanhshing@gmail.com
41575,陳孝燕,生產部,changwanhshing@gmail.com
59307,呂仁燕,採購部,changwanhshing@gmail.com
10331,張景鳳,稽核部,changwanhshing@gmail.com
72046,陳雅輝,稽核部,changwanhshing@gmail.com
52128,程志林,企劃部,changwanhshing@gmail.com
78233,鄧國雄,企劃部,changwanhshing@gmail.com
27444,任旭森,生產部,changwanhshing@gmail.com
47534,曾麗樺,倉儲部,changwanhshing@gmail.com
15460,任偉洋,採購部,changwanhshing@gmail.com
98667,彭大龍,客服部,changwanhshing@gmail.com
24089,何雯棟,倉儲部,changwanhshing@gmail.com
32691,梁麗娟,法務部,changwanhshing@gmail.com
76427,彭家勇,企劃部,changwanhshing@gmail.com
95605,羅麗軍,採購部,changwanhshing@gmail.com
30835,吳明靜,人事部,changwanhshing@gmail.com
70813,董文鳳,研發部,changwanhshing@gmail.com
62098,陳雯煌,客服部,changwanhshing@gmail.com
64515,謝晴林,總務部,changwanhshing@gmail.com
30298,董忠昇,法務部,changwanhshing@gmail.com
99756,郭信鳳,法務部,changwanhshing@gmail.com
24254,江正棟,生產部,changwanhshing@gmail.com
45998,曹春宇,客服部,changwanhshing@gmail.com
83922,葉秀昇,資訊部,changwanhshing@gmail.com
87058,馬偉鳳,人事部,changwanhshing@gmail.com
12515,丁家云,客服部,changwanhshing@gmail.com
49399,張晨芳,研發部,changwanhshing@gmail.com
83348,潘國樺,稽核部,changwanhshing@gmail.com
66564,曹秀芳,生產部,changwanhshing@gmail.com
33697,鄭正云,倉儲部,changwanhshing@gmail.com
81077,王旭龍,業務部,changwanhshing@gmail.com
64912,任秋麗,企劃部,changwanhshing@gmail.com
72923,呂旭文,品管部,changwanhshing@gmail.com
34191,馮宏達,客服部,changwanhshing@gmail.com
99507,楊正軍,資訊部,changwanhshing@gmail.com
50173,林秋森,行銷部,changwanhshing@gmail.com
85358,鄧仁麗,生產部,changwanhshing@gmail.com
95335,吳建偉,生產部,changwanhshing@gmail.com
83645,何慧娟,行銷部,changwanhshing@gmail.com
90127,唐麗達,資訊部,changwanhshing@gmail.com
56800,潘美林,企劃部,changwanhshing@gmail.com
25565,高忠煌,法務部,changwanhshing@gmail.com
11450,劉偉偉,品管部,changwanhshing@gmail.com
51329,李俊偉,稽核部,changwanhshing@gmail.com
17321,余桂達,總務部,changwanhshing@gmail.com
98531,許雯昇,倉儲部,changwanhshing@gmail.com
54943,彭明淵,資訊部,changwanhshing@gmail.com
58940,馮佳煌,生產部,changwanhshing@gmail.com
50610,呂佳浩,法務部,changwanhshing@gmail.com
54896,胡信澤,行銷部,changwanhshing@gmail.com
76869,徐淑浩,行銷部,changwanhshing@gmail.com
90880,劉偉麗,採購部,changwanhshing@gmail.com
49248,余宜博,財務部,changwanhshing@gmail.com
12842,黃家澤,行銷部,changwanhshing@gmail.com
41618,蘇信傑,法務部,changwanhshing@gmail.com
93741,江信棟,稽核部,changwanhshing@gmail.com
40151,蘇旭龍,行銷部,changwanhshing@gmail.com
75644,丁宜鳳,法務部,changwanhshing@gmail.com
65604,趙宜燕,企劃部,changwanhshing@gmail.com
55537,謝家靜,研發部,changwanhshing@gmail.com
85674,黃俊偉,稽核部,changwanhshing@gmail.com
15083,趙明超,行銷部,changwanhshing@gmail.com
39504,宋國傑,業務部,changwanhshing@gmail.com
12708,鄧正靜,行銷部,changwanhshing@gmail.com
55984,羅文林,企劃部,changwanhshing@gmail.com
94637,蕭晨超,業務部,changwanhshing@gmail.com
94842,黃麗文,企劃部,changwanhshing@gmail.com
77284,劉嘉樺,研發部,changwanhshing@gmail.com
30117,林夏云,行銷部,changwanhshing@gmail.com
71167,馮建雄,研發部,changwanhshing@gmail.com
89008,何峰麗,採購部,changwanhshing@gmail.com
61574,董信芳,稽核部,changwanhshing@gmail.com
58369,杜忠賢,稽核部,changwanhshing@gmail.com
36968,周昊云,採購部,changwanhshing@gmail.com
38365,梁惠軍,業務部,changwanhshing@gmail.com
70066,田淑昇,客服部,changwanhshing@gmail.com
72449,胡佳達,採購部,changwanhshing@gmail.com
56468,余偉雄,財務部,changwanhshing@gmail.com
74007,周大偉,法務部,changwanhshing@gmail.com
54960,黃宜淵,資訊部,changwanhshing@gmail.com
13939,楊嘉森,企劃部,changwanhshing@gmail.com
95617,羅冬賢,研發部,changwanhshing@gmail.com
95755,周明傑,客服部,changwanhshing@gmail.com
17891,彭文豪,法務部,changwanhshing@gmail.com
33912,鄧桂棟,人事部,changwanhshing@gmail.com
63074,張夏棟,行銷部,changwanhshing@gmail.com
11552,丁志龍,法務部,changwanhshing@gmail.com
97365,蔣夏博,行銷部,changwanhshing@gmail.com
33340,羅忠敏,行銷部,changwanhshing@gmail.com
67364,江信豪,倉儲部,changwanhshing@gmail.com
42329,蕭雯誠,財務部,changwanhshing@gmail.com
75637,王雯森,稽核部,changwanhshing@gmail.com
38246,蕭晨林,倉儲部,changwanhshing@gmail.com
82000,馮大豪,法務部,changwanhshing@gmail.com
60023,丁峰賢,企劃部,changwanhshing@gmail.com
14240,魏忠達,總務部,changwanhshing@gmail.com
53532,田義偉,企劃部,changwanhshing@gmail.com
55858,林春林,品管部,changwanhshing@gmail.com
53590,呂美明,業務部,changwanhshing@gmail.com
98760,林佳芳,稽核部,changwanhshing@gmail.com
82930,江夏昇,倉儲部,changwanhshing@gmail.com
91767,胡夏云,採購部,changwanhshing@gmail.com
66177,蘇宜敏,業務部,changwanhshing@gmail.com
69756,梁俊娟,採購部,changwanhshing@gmail.com
50408,鄧宏昇,品管部,changwanhshing@gmail.com
99241,蔡秋芳,總務部,changwanhshing@gmail.com
53260,田禮秀,資訊部,changwanhshing@gmail.com
21771,江仁靜,品管部,changwanhshing@gmail.com
14687,周信秀,法務部,changwanhshing@gmail.com
24543,郭景芳,研發部,changwanhshing@gmail.com
46883,杜嘉翔,人事部,changwanhshing@gmail.com
70164,田麗宇,企劃部,changwanhshing@gmail.com
93544,蔣義翔,法務部,changwanhshing@gmail.com
46252,呂慧靜,資訊部,changwanhshing@gmail.com
83095,黃欣賢,採購部,changwanhshing@gmail.com
17789,徐建淵,採購部,changwanhshing@gmail.com
70380,曾家毅,總務部,changwanhshing@gmail.com
98759,謝家煌,資訊部,changwanhshing@gmail.com
15259,謝正軍,採購部,changwanhshing@gmail.com
49443,王佳棟,品管部,changwanhshing@gmail.com
95082,張大龍,資訊部,changwanhshing@gmail.com
64964,張俊毅,稽核部,changwanhshing@gmail.com
63216,羅俊豪,行銷部,changwanhshing@gmail.com
95674,徐晴娟,倉儲部,changwanhshing@gmail.com
38600,馬信龍,總務部,changwanhshing@gmail.com
62012,郭仁澤,採購部,changwanhshing@gmail.com
96669,黃宏敏,法務部,changwanhshing@gmail.com
87240,王秋翔,生產部,changwanhshing@gmail.com
24072,彭雅森,研發部,changwanhshing@gmail.com
32959,田志軍,品管部,changwanhshing@gmail.com
23009,彭晨誠,品管部,changwanhshing@gmail.com
87269,高冬博,客服部,changwanhshing@gmail.com
64756,周景強,業務部,changwanhshing@gmail.com
50332,何俊翔,法務部,changwanhshing@gmail.com
71395,何禮強,法務部,changwanhshing@gmail.com
29198,曾正敏,總務部,changwanhshing@gmail.com
69702,孫信賢,採購部,changwanhshing@gmail.com
20797,蕭峰豪,人事部,changwanhshing@gmail.com
47284,胡春云,客服部,changwanhshing@gmail.com
84243,呂淑雄,生產部,changwanhshing@gmail.com
67823,楊欣明,人事部,changwanhshing@gmail.com
78252,徐家娟,業務部,changwanhshing@gmail.com
74522,魏慧勇,業務部,changwanhshing@gmail.com
39108,宋志娟,總務部,changwanhshing@gmail.com
40341,吳建雄,品管部,changwanhshing@gmail.com
95156,蘇冬煌,行銷部,changwanhshing@gmail.com
14268,吳夏洋,行銷部,changwanhshing@gmail.com
68463,蘇夏達,品管部,changwanhshing@gmail.com
74315,彭秋勇,總務部,changwanhshing@gmail.com
29729,陳義森,研發部,changwanhshing@gmail.com
50970,蔣春昇,品管部,changwanhshing@gmail.com
71332,黃晨昇,生產部,changwanhshing@gmail.com
34201,高欣浩,研發部,changwanhshing@gmail.com
26434,唐昊強,資訊部,changwanhshing@gmail.com
23538,馬秀靜,行銷部,changwanhshing@gmail.com
13366,蔡淑森,稽核部,changwanhshing@gmail.com
64100,羅秋賢,倉儲部,changwanhshing@gmail.com
52759,余雯棟,客服部,changwanhshing@gmail.com
21873,蔡慧豪,人事部,changwanhshing@gmail.com
68325,孫慧超,財務部,changwanhshing@gmail.com
87646,鄭秋樺,品管部,changwanhshing@gmail.com
14743,林正玲,總務部,changwanhshing@gmail.com
18971,張旭強,法務部,changwanhshing@gmail.com
98539,杜慧傑,資訊部,changwanhshing@gmail.com
42787,袁美偉,生產部,changwanhshing@gmail.com
87565,王宜棟,品管部,changwanhshing@gmail.com
91198,許秋賢,法務部,changwanhshing@gmail.com
98820,唐家浩,法務部,changwanhshing@gmail.com
32610,程慧浩,稽核部,changwanhshing@gmail.com
30593,袁佳洋,總務部,changwanhshing@gmail.com
55083,周志靜,企劃部,changwanhshing@gmail.com
98164,鄭惠燕,人事部,changwanhshing@gmail.com
66823,胡正云,稽核部,changwanhshing@gmail.com
33384,朱淑樺,倉儲部,changwanhshing@gmail.com
22631,許志鳳,生產部,changwanhshing@gmail.com
86838,韓麗娟,客服部,changwanhshing@gmail.com
22262,田雯浩,客服部,changwanhshing@gmail.com
26587,楊信秀,品管部,changwanhshing@gmail.com
75484,羅嘉敏,倉儲部,changwanhshing@gmail.com
60123,杜文超,研發部,changwanhshing@gmail.com
19251,葉冬偉,研發部,changwanhshing@gmail.com
79930,魏冬淵,人事部,changwanhshing@gmail.com
71337,余淑淵,稽核部,changwanhshing@gmail.com
93536,李偉樺,資訊部,changwanhshing@gmail.com
28494,董孝棟,行銷部,changwanhshing@gmail.com
53995,周晨浩,稽核部,changwanhshing@gmail.com
40491,何美偉,倉儲部,changwanhshing@gmail.com
32865,黃桂林,行銷部,changwanhshing@gmail.com
99525,鄧嘉明,品管部,changwanhshing@gmail.com
48189,朱國浩,企劃部,changwanhshing@gmail.com
77366,吳晨澤,稽核部,changwanhshing@gmail.com
71184,蔡仁棟,稽核部,changwanhshing@gmail.com
96817,徐宜麗,人事部,changwanhshing@gmail.com
65788,董大偉,企劃部,changwanhshing@gmail.com
25646,葉家洋,生產部,changwanhshing@gmail.com
28336,丁家麗,採購部,changwanhshing@gmail.com
91835,周慧達,法務部,changwanhshing@gmail.com
64973,馮秋林,人事部,changwanhshing@gmail.com
81329,潘雯文,財務部,changwanhshing@gmail.com
30813,鄧宜靜,研發部,changwanhshing@gmail.com
34580,葉峰鳳,客服部,changwanhshing@gmail.com
15033,蔣國明,生產部,changwanhshing@gmail.com
46737,宋景林,稽核部,changwanhshing@gmail.com
68922,程晨樺,業務部,changwanhshing@gmail.com
57527,謝晨勇,財務部,changwanhshing@gmail.com
56472,何禮誠,總務部,changwanhshing@gmail.com
88040,陳冬宇,稽核部,changwanhshing@gmail.com
91588,田桂豪,客服部,changwanhshing@gmail.com
77474,呂文豪,品管部,changwanhshing@gmail.com
32896,杜信博,法務部,changwanhshing@gmail.com
79694,魏俊強,客服部,changwanhshing@gmail.com
76799,張正博,總務部,changwanhshing@gmail.com
34838,吳文達,研發部,changwanhshing@gmail.com
33783,謝淑靜,法務部,changwanhshing@gmail.com
97134,宋忠毅,稽核部,changwanhshing@gmail.com
33170,曹雯軍,採購部,changwanhshing@gmail.com
24924,唐夏淵,人事部,changwanhshing@gmail.com
15468,余惠娟,生產部,changwanhshing@gmail.com
71439,高佳軍,行銷部,changwanhshing@gmail.com
79232,馮昊樺,企劃部,changwanhshing@gmail.com
55126,田慧達,總務部,changwanhshing@gmail.com
58728,蔣春博,業務部,changwanhshing@gmail.com
83575,徐家鳳,總務部,changwanhshing@gmail.com
43789,何夏洋,研發部,changwanhshing@gmail.com
54350,黃俊豪,採購部,changwanhshing@gmail.com
54279,徐仁敏,法務部,changwanhshing@gmail.com
30450,李孝靜,稽核部,changwanhshing@gmail.com
59482,鄭國鳳,資訊部,changwanhshing@gmail.com
56473,袁建達,生產部,changwanhshing@gmail.com
98093,蘇明秀,稽核部,changwanhshing@gmail.com
73430,郭秀毅,客服部,changwanhshing@gmail.com
94918,田雯洋,採購部,changwanhshing@gmail.com
16744,曾晴明,生產部,changwanhshing@gmail.com
82607,蕭秀誠,資訊部,changwanhshing@gmail.com
85245,董秋麗,業務部,changwanhshing@gmail.com
73050,曾家麗,倉儲部,changwanhshing@gmail.com
51071,杜忠輝,稽核部,changwanhshing@gmail.com
71847,鄧惠輝,總務部,changwanhshing@gmail.com
65274,陳仁軍,研發部,changwanhshing@gmail.com
66263,潘宏森,行銷部,changwanhshing@gmail.com
44679,謝夏敏,總務部,changwanhshing@gmail.com
86129,孫家林,資訊部,changwanhshing@gmail.com
10855,馮偉鳳,倉儲部,changwanhshing@gmail.com
74197,黃建靜,生產部,changwanhshing@gmail.com
49486,葉宜靜,業務部,changwanhshing@gmail.com
38150,鄭孝強,客服部,changwanhshing@gmail.com
67980,劉大森,品管部,changwanhshing@gmail.com
20659,曹佳森,研發部,changwanhshing@gmail.com
61286,楊偉芳,稽核部,changwanhshing@gmail.com
42267,韓佳雄,倉儲部,changwanhshing@gmail.com
49824,宋欣棟,品管部,changwanhshing@gmail.com
26243,鄭信偉,行銷部,changwanhshing@gmail.com
33641,徐夏淵,人事部,changwanhshing@gmail.com
35513,田雯博,總務部,changwanhshing@gmail.com
89663,許冬龍,行銷部,changwanhshing@gmail.com
42042,陳春靜,生產部,changwanhshing@gmail.com
50980,葉國博,品管部,changwanhshing@gmail.com
23261,曾志誠,資訊部,changwanhshing@gmail.com
32306,馬明棟,客服部,changwanhshing@gmail.com
77635,蔡仁澤,法務部,changwanhshing@gmail.com
54439,蔣昊澤,總務部,changwanhshing@gmail.com
16543,袁正麗,總務部,changwanhshing@gmail.com
28737,丁晴文,總務部,changwanhshing@gmail.com
21113,彭家燕,倉儲部,changwanhshing@gmail.com
31877,趙國芳,採購部,changwanhshing@gmail.com
46022,郭旭達,客服部,changwanhshing@gmail.com
17155,呂景傑,企劃部,changwanhshing@gmail.com
77988,羅淑鳳,客服部,changwanhshing@gmail.com
41689,羅仁昇,生產部,changwanhshing@gmail.com
31211,楊信澤,倉儲部,changwanhshing@gmail.com
23732,何淑云,客服部,changwanhshing@gmail.com
82638,羅欣達,財務部,changwanhshing@gmail.com
70575,彭旭豪,資訊部,changwanhshing@gmail.com
93250,曾正林,品管部,changwanhshing@gmail.com
80925,馮冬翔,總務部,changwanhshing@gmail.com
28602,郭信燕,財務部,changwanhshing@gmail.com
37873,呂仁勇,行銷部,changwanhshing@gmail.com
21794,宋美淵,客服部,changwanhshing@gmail.com
58829,唐正軍,企劃部,changwanhshing@gmail.com
49087,余夏軍,人事部,changwanhshing@gmail.com
46621,丁慧秀,研發部,changwanhshing@gmail.com
52251,曾夏輝,財務部,changwanhshing@gmail.com
63584,蔡建林,稽核部,changwanhshing@gmail.com
81845,呂淑博,客服部,changwanhshing@gmail.com
95481,劉義翔,財務部,changwanhshing@gmail.com
82389,孫正豪,資訊部,changwanhshing@gmail.com
23763,韓宏樺,企劃部,changwanhshing@gmail.com
88425,彭建毅,資訊部,changwanhshing@gmail.com
67822,馮春達,法務部,changwanhshing@gmail.com
34943,宋欣宇,研發部,changwanhshing@gmail.com
97147,余孝煌,倉儲部,changwanhshing@gmail.com
48792,何晴云,稽核部,changwanhshing@gmail.com
53873,杜淑昇,研發部,changwanhshing@gmail.com
84349,許正誠,業務部,changwanhshing@gmail.com
22194,余志秀,稽核部,changwanhshing@gmail.com
48393,鄧雅雄,業務部,changwanhshing@gmail.com
73892,蕭仁云,業務部,changwanhshing@gmail.com
29712,彭晴豪,資訊部,changwanhshing@gmail.com
96086,余秀軍,總務部,changwanhshing@gmail.com
94392,馮晨云,財務部,changwanhshing@gmail.com
63588,張國達,法務部,changwanhshing@gmail.com
60878,任建傑,稽核部,changwanhshing@gmail.com
80029,余峰博,企劃部,changwanhshing@gmail.com
44873,魏秋達,財務部,changwanhshing@gmail.com
85362,張旭龍,企劃部,changwanhshing@gmail.com
93921,鄭慧敏,財務部,changwanhshing@gmail.com
69255,袁嘉鳳,人事部,changwanhshing@gmail.com
16897,蔣宜達,業務部,changwanhshing@gmail.com
52053,許義博,行銷部,changwanhshing@gmail.com
86988,馬信麗,資訊部,changwanhshing@gmail.com
12396,曾昊賢,人事部,changwanhshing@gmail.com
13803,曹仁達,稽核部,changwanhshing@gmail.com
45607,謝仁雄,人事部,changwanhshing@gmail.com
29187,任景勇,稽核部,changwanhshing@gmail.com
46079,宋淑賢,資訊部,changwanhshing@gmail.com
78328,楊宜鳳,稽核部,changwanhshing@gmail.com
27080,孫俊傑,生產部,changwanhshing@gmail.com
86047,江家傑,行銷部,changwanhshing@gmail.com
95161,蔡惠毅,倉儲部,changwanhshing@gmail.com
35994,韓美宇,企劃部,changwanhshing@gmail.com
10155,江佳秀,法務部,changwanhshing@gmail.com
35536,高秀林,倉儲部,changwanhshing@gmail.com
52842,魏正森,企劃部,changwanhshing@gmail.com
34101,曹景敏,生產部,changwanhshing@gmail.com
62658,馬欣娟,稽核部,changwanhshing@gmail.com
26685,江仁輝,生產部,changwanhshing@gmail.com
52007,李秋誠,品管部,changwanhshing@gmail.com
47094,趙俊強,資訊部,changwanhshing@gmail.com
87020,田旭玲,企劃部,changwanhshing@gmail.com
56975,劉建煌,業務部,changwanhshing@gmail.com
76442,蘇家浩,行銷部,changwanhshing@gmail.com
20184,韓文翔,總務部,changwanhshing@gmail.com
84804,潘宜煌,資訊部,changwanhshing@gmail.com
52294,馮佳秀,研發部,changwanhshing@gmail.com
66217,宋信傑,生產部,changwanhshing@gmail.com
34527,田旭棟,人事部,changwanhshing@gmail.com
40755,胡晨棟,生產部,changwanhshing@gmail.com
95947,丁宜翔,品管部,changwanhshing@gmail.com
81073,謝景傑,研發部,changwanhshing@gmail.com
48319,羅宏浩,生產部,changwanhshing@gmail.com
25816,鄭晨翔,倉儲部,changwanhshing@gmail.com
39488,李秋偉,企劃部,changwanhshing@gmail.com
43585,魏義燕,企劃部,changwanhshing@gmail.com
94915,孫雅鳳,人事部,changwanhshing@gmail.com
85312,韓仁輝,稽核部,changwanhshing@gmail.com
32873,田文傑,業務部,changwanhshing@gmail.com
56939,葉夏敏,業務部,changwanhshing@gmail.com
53919,蘇宏棟,研發部,changwanhshing@gmail.com
60355,宋志靜,資訊部,changwanhshing@gmail.com
85962,謝惠博,稽核部,changwanhshing@gmail.com
62500,董秀玲,人事部,changwanhshing@gmail.com
72566,趙信傑,人事部,changwanhshing@gmail.com
66695,余美強,資訊部,changwanhshing@gmail.com
26544,蘇桂雄,品管部,changwanhshing@gmail.com
20826,丁冬芳,稽核部,changwanhshing@gmail.com
72741,馬忠傑,倉儲部,changwanhshing@gmail.com
29964,彭桂麗,資訊部,changwanhshing@gmail.com
57804,胡偉娟,業務部,changwanhshing@gmail.com
45122,羅文雄,品管部,changwanhshing@gmail.com
35255,唐冬浩,企劃部,changwanhshing@gmail.com
26641,曹佳鳳,財務部,changwanhshing@gmail.com
77270,蔡建云,採購部,changwanhshing@gmail.com
51379,張禮澤,人事部,changwanhshing@gmail.com
37261,林信敏,企劃部,changwanhshing@gmail.com
74003,蔣宜鳳,財務部,changwanhshing@gmail.com
16687,羅建云,企劃部,changwanhshing@gmail.com
81553,趙宜棟,倉儲部,changwanhshing@gmail.com
53891,劉禮樺,法務部,changwanhshing@gmail.com
72067,魏秀昇,人事部,changwanhshing@gmail.com
29664,胡春賢,總務部,changwanhshing@gmail.com
94598,余明林,品管部,changwanhshing@gmail.com
77484,周慧毅,品管部,changwanhshing@gmail.com
60532,丁建傑,企劃部,changwanhshing@gmail.com
49017,鄭美豪,品管部,changwanhshing@gmail.com
56730,林國強,生產部,changwanhshing@gmail.com
40608,陳惠翔,倉儲部,changwanhshing@gmail.com
91805,葉景澤,人事部,changwanhshing@gmail.com
67479,江夏龍,企劃部,changwanhshing@gmail.com
36865,蘇宏勇,行銷部,changwanhshing@gmail.com
14462,呂春淵,客服部,changwanhshing@gmail.com
17853,杜欣誠,行銷部,changwanhshing@gmail.com
12636,董國明,人事部,changwanhshing@gmail.com
10327,彭孝勇,行銷部,changwanhshing@gmail.com
56191,程欣秀,生產部,changwanhshing@gmail.com
44266,董美林,倉儲部,changwanhshing@gmail.com
50299,劉惠誠,法務部,changwanhshing@gmail.com
84107,謝宏浩,法務部,changwanhshing@gmail.com
93602,陳昊雄,人事部,changwanhshing@gmail.com
61343,郭麗云,業務部,changwanhshing@gmail.com
98725,任明煌,生產部,changwanhshing@gmail.com
55219,許仁靜,法務部,changwanhshing@gmail.com
19888,馬佳賢,資訊部,changwanhshing@gmail.com
32705,蕭雯明,倉儲部,changwanhshing@gmail.com
48070,胡欣煌,業務部,changwanhshing@gmail.com
94824,周偉林,研發部,changwanhshing@gmail.com
82065,潘信森,研發部,changwanhshing@gmail.com
15905,羅欣雄,總務部,changwanhshing@gmail.com
99987,胡秋洋,採購部,changwanhshing@gmail.com
24904,梁大秀,人事部,changwanhshing@gmail.com
84956,陳大玲,人事部,changwanhshing@gmail.com
26627,許忠軍,稽核部,changwanhshing@gmail.com
48381,吳義靜,生產部,changwanhshing@gmail.com
42029,高忠賢,客服部,changwanhshing@gmail.com
88148,鄧桂豪,採購部,changwanhshing@gmail.com
75626,劉宜豪,企劃部,changwanhshing@gmail.com
26288,高宜宇,品管部,changwanhshing@gmail.com
93399,梁禮澤,採購部,changwanhshing@gmail.com
35762,葉景云,法務部,changwanhshing@gmail.com
12981,陳晨博,財務部,changwanhshing@gmail.com
23782,江嘉宇,行銷部,changwanhshing@gmail.com
72089,宋大達,品管部,changwanhshing@gmail.com
12035,劉俊強,資訊部,changwanhshing@gmail.com
89302,胡忠翔,品管部,changwanhshing@gmail.com
89275,程秋淵,資訊部,changwanhshing@gmail.com
59767,袁麗秀,法務部,changwanhshing@gmail.com
10480,黃峰強,財務部,changwanhshing@gmail.com
42973,蔡偉煌,業務部,changwanhshing@gmail.com
24981,郭淑昇,法務部,changwanhshing@gmail.com
95740,江冬達,研發部,changwanhshing@gmail.com
99587,程惠淵,資訊部,changwanhshing@gmail.com
56674,黃志毅,稽核部,changwanhshing@gmail.com
33469,孫家淵,倉儲部,changwanhshing@gmail.com
93883,董惠輝,稽核部,changwanhshing@gmail.com
64721,張夏達,財務部,changwanhshing@gmail.com
13244,董建浩,研發部,changwanhshing@gmail.com
91526,田桂豪,倉儲部,changwanhshing@gmail.com
95787,胡禮宇,品管部,changwanhshing@gmail.com
17359,彭國煌,採購部,changwanhshing@gmail.com
32510,王慧龍,業務部,changwanhshing@gmail.com
10775,徐春澤,倉儲部,changwanhshing@gmail.com
78227,許冬秀,總務部,changwanhshing@gmail.com
36913,余文達,資訊部,changwanhshing@gmail.com
55440,魏禮博,稽核部,changwanhshing@gmail.com
11337,楊昊洋,品管部,changwanhshing@gmail.com
81184,田秀燕,倉儲部,changwanhshing@gmail.com
30688,宋雅浩,品管部,changwanhshing@gmail.com
72592,何建翔,研發部,changwanhshing@gmail.com
10355,周明宇,客服部,changwanhshing@gmail.com
20800,江冬鳳,倉儲部,changwanhshing@gmail.com
82320,潘建超,企劃部,changwanhshing@gmail.com
36114,彭冬鳳,企劃部,changwanhshing@gmail.com
14064,曹佳玲,行銷部,changwanhshing@gmail.com
48818,黃桂森,法務部,changwanhshing@gmail.com
25677,孫嘉鳳,法務部,changwanhshing@gmail.com
69933,林昊賢,採購部,changwanhshing@gmail.com
38343,吳禮淵,人事部,changwanhshing@gmail.com
60707,呂俊靜,財務部,changwanhshing@gmail.com
90060,丁禮明,財務部,changwanhshing@gmail.com
51583,黃宜達,企劃部,changwanhshing@gmail.com
81500,唐佳浩,研發部,changwanhshing@gmail.com
68739,蔣建云,人事部,changwanhshing@gmail.com
57449,許義芳,總務部,changwanhshing@gmail.com
71406,董建超,稽核部,changwanhshing@gmail.com
22420,許忠昇,企劃部,changwanhshing@gmail.com
72593,蘇佳玲,研發部,changwanhshing@gmail.com
15295,謝秀勇,稽核部,changwanhshing@gmail.com
49667,朱志麗,法務部,changwanhshing@gmail.com
80430,馬夏燕,稽核部,changwanhshing@gmail.com
65195,魏文淵,資訊部,changwanhshing@gmail.com
59125,吳忠軍,品管部,changwanhshing@gmail.com
86977,魏俊明,客服部,changwanhshing@gmail.com
34451,黃偉達,稽核部,changwanhshing@gmail.com
20643,彭欣雄,採購部,changwanhshing@gmail.com
23028,余禮麗,稽核部,changwanhshing@gmail.com
42520,謝仁玲,總務部,changwanhshing@gmail.com
46989,馮美靜,品管部,changwanhshing@gmail.com
13628,朱景毅,稽核部,changwanhshing@gmail.com
91579,周秀林,生產部,changwanhshing@gmail.com
36017,蕭秀強,研發部,changwanhshing@gmail.com
26556,宋宏昇,研發部,changwanhshing@gmail.com
60345,宋仁麗,業務部,changwanhshing@gmail.com
27241,江夏敏,企劃部,changwanhshing@gmail.com
83437,馮晴燕,行銷部,changwanhshing@gmail.com
62314,葉大翔,企劃部,changwanhshing@gmail.com
65138,李建棟,客服部,changwanhshing@gmail.com
55166,袁建明,稽核部,changwanhshing@gmail.com
20641,王欣澤,行銷部,changwanhshing@gmail.com
72175,蔡麗輝,研發部,changwanhshing@gmail.com
23419,馬麗明,資訊部,changwanhshing@gmail.com
24901,潘旭明,財務部,changwanhshing@gmail.com
96105,何宏文,倉儲部,changwanhshing@gmail.com
94815,馬旭宇,企劃部,changwanhshing@gmail.com
53832,彭麗澤,業務部,changwanhshing@gmail.com
90191,蔣佳玲,人事部,changwanhshing@gmail.com
65675,許麗勇,企劃部,changwanhshing@gmail.com
65978,馮信澤,資訊部,changwanhshing@gmail.com
17658,韓峰浩,行銷部,changwanhshing@gmail.com
21946,袁宏鳳,稽核部,changwanhshing@gmail.com
33237,楊雯雄,研發部,changwanhshing@gmail.com
71056,黃美鳳,採購部,changwanhshing@gmail.com
52150,袁建毅,客服部,changwanhshing@gmail.com
54697,黃佳浩,總務部,changwanhshing@gmail.com
22650,宋大昇,客服部,changwanhshing@gmail.com
68338,朱景芳,業務部,changwanhshing@gmail.com
49249,袁義昇,行銷部,changwanhshing@gmail.com
76529,陳晴玲,研發部,changwanhshing@gmail.com
21269,馬夏宇,資訊部,changwanhshing@gmail.com
27642,韓冬秀,總務部,changwanhshing@gmail.com
40744,丁欣燕,研發部,changwanhshing@gmail.com
28398,魏孝賢,倉儲部,changwanhshing@gmail.com
21221,黃麗云,品管部,changwanhshing@gmail.com
51220,吳嘉宇,客服部,changwanhshing@gmail.com
31045,韓景毅,生產部,changwanhshing@gmail.com
90205,朱信森,客服部,changwanhshing@gmail.com
33611,王夏森,人事部,changwanhshing@gmail.com
96029,黃慧靜,稽核部,changwanhshing@gmail.com
30703,葉麗毅,資訊部,changwanhshing@gmail.com
60763,宋國芳,人事部,changwanhshing@gmail.com
79524,張志雄,採購部,changwanhshing@gmail.com
51171,呂明芳,客服部,changwanhshing@gmail.com
41743,杜昊文,資訊部,changwanhshing@gmail.com
89802,謝志鳳,財務部,changwanhshing@gmail.com
15253,鄭冬浩,企劃部,changwanhshing@gmail.com
72606,謝宏玲,資訊部,changwanhshing@gmail.com
23853,任國芳,倉儲部,changwanhshing@gmail.com
90161,馮旭林,品管部,changwanhshing@gmail.com
34443,胡志娟,總務部,changwanhshing@gmail.com
28637,唐嘉龍,人事部,changwanhshing@gmail.com
24149,李偉偉,人事部,changwanhshing@gmail.com
91068,張冬森,稽核部,changwanhshing@gmail.com
80742,吳晴娟,採購部,changwanhshing@gmail.com
33621,吳禮娟,財務部,changwanhshing@gmail.com
94335,程仁翔,總務部,changwanhshing@gmail.com
41722,宋宏勇,法務部,changwanhshing@gmail.com
96387,董惠林,生產部,changwanhshing@gmail.com
92591,胡雅洋,人事部,changwanhshing@gmail.com
31768,宋佳靜,生產部,changwanhshing@gmail.com
77195,何淑玲,資訊部,changwanhshing@gmail.com
90269,林宜玲,資訊部,changwanhshing@gmail.com
51827,丁麗達,客服部,changwanhshing@gmail.com
18565,郭景煌,採購部,changwanhshing@gmail.com
65607,張旭靜,採購部,changwanhshing@gmail.com
45535,蔡佳豪,行銷部,changwanhshing@gmail.com
50230,羅美勇,研發部,changwanhshing@gmail.com
92590,韓仁雄,企劃部,changwanhshing@gmail.com
27715,田明浩,研發部,changwanhshing@gmail.com
45571,孫雯雄,總務部,changwanhshing@gmail.com
52436,吳大翔,稽核部,changwanhshing@gmail.com
68125,宋景豪,資訊部,changwanhshing@gmail.com
42297,袁文軍,生產部,changwanhshing@gmail.com
20202,許孝宇,資訊部,changwanhshing@gmail.com
26993,黃欣洋,客服部,changwanhshing@gmail.com
33862,劉嘉賢,人事部,changwanhshing@gmail.com
67790,杜禮云,行銷部,changwanhshing@gmail.com
36852,吳昊賢,企劃部,changwanhshing@gmail.com
17509,羅忠龍,研發部,changwanhshing@gmail.com
76063,趙宜賢,人事部,changwanhshing@gmail.com
29828,彭惠靜,採購部,changwanhshing@gmail.com
39858,程晨翔,行銷部,changwanhshing@gmail.com
81695,曹昊浩,稽核部,changwanhshing@gmail.com
97302,周晨鳳,採購部,changwanhshing@gmail.com
42002,吳大云,企劃部,changwanhshing@gmail.com
47955,羅昊毅,企劃部,changwanhshing@gmail.com
71222,梁雯娟,企劃部,changwanhshing@gmail.com
17834,胡偉敏,法務部,changwanhshing@gmail.com
49259,呂秀棟,倉儲部,changwanhshing@gmail.com
31883,蔣昊澤,品管部,changwanhshing@gmail.com
19115,馬仁玲,企劃部,changwanhshing@gmail.com
29368,魏文誠,人事部,changwanhshing@gmail.com
43555,郭景棟,客服部,changwanhshing@gmail.com
38052,林麗秀,客服部,changwanhshing@gmail.com
94223,鄧雅超,品管部,changwanhshing@gmail.com
82462,宋孝軍,業務部,changwanhshing@gmail.com
15742,蘇旭龍,採購部,changwanhshing@gmail.com
21070,丁峰達,客服部,changwanhshing@gmail.com
40395,朱大宇,稽核部,changwanhshing@gmail.com
92272,董義輝,生產部,changwanhshing@gmail.com
72004,胡嘉賢,客服部,changwanhshing@gmail.com
77476,潘俊芳,生產部,changwanhshing@gmail.com
74573,李偉浩,品管部,changwanhshing@gmail.com
51703,呂孝傑,資訊部,changwanhshing@gmail.com
68631,魏家麗,倉儲部,changwanhshing@gmail.com
96955,朱宜林,財務部,changwanhshing@gmail.com
31043,葉雯雄,企劃部,changwanhshing@gmail.com
94753,黃峰勇,法務部,changwanhshing@gmail.com
29051,許忠文,法務部,changwanhshing@gmail.com
19873,徐大浩,業務部,changwanhshing@gmail.com
85264,梁建淵,業務部,changwanhshing@gmail.com
53827,呂春豪,採購部,changwanhshing@gmail.com
44011,蘇偉秀,財務部,changwanhshing@gmail.com
70576,唐麗鳳,總務部,changwanhshing@gmail.com
10533,吳晨洋,採購部,changwanhshing@gmail.com
70834,曾俊林,行銷部,changwanhshing@gmail.com
70740,任宏超,行銷部,changwanhshing@gmail.com
47809,宋偉雄,法務部,changwanhshing@gmail.com
66719,田旭敏,財務部,changwanhshing@gmail.com
44659,蔡晴芳,研發部,changwanhshing@gmail.com
74072,袁春鳳,資訊部,changwanhshing@gmail.com
49878,徐秀宇,研發部,changwanhshing@gmail.com
84367,蔣景靜,業務部,changwanhshing@gmail.com
15759,孫欣玲,總務部,changwanhshing@gmail.com
93019,趙晴文,業務部,changwanhshing@gmail.com
10071,高仁敏,企劃部,changwanhshing@gmail.com
93043,任景燕,財務部,changwanhshing@gmail.com
99564,曹家澤,採購部,changwanhshing@gmail.com
86186,郭文明,品管部,changwanhshing@gmail.com
80894,朱正淵,總務部,changwanhshing@gmail.com
33830,蘇雅明,行銷部,changwanhshing@gmail.com
37679,韓美翔,稽核部,changwanhshing@gmail.com
61768,朱桂勇,採購部,changwanhshing@gmail.com
64181,田佳麗,客服部,changwanhshing@gmail.com
84035,吳峰毅,倉儲部,changwanhshing@gmail.com
84006,李家鳳,生產部,changwanhshing@gmail.com
63766,吳夏誠,生產部,changwanhshing@gmail.com
51882,何峰浩,客服部,changwanhshing@gmail.com
75743,程國翔,人事部,changwanhshing@gmail.com
94493,田嘉燕,採購部,changwanhshing@gmail.com
45050,任峰煌,財務部,changwanhshing@gmail.com
26364,韓桂軍,研發部,changwanhshing@gmail.com
51945,黃淑靜,人事部,changwanhshing@gmail.com
77397,江雯昇,總務部,changwanhshing@gmail.com
54487,郭明淵,總務部,changwanhshing@gmail.com
41347,楊夏玲,財務部,changwanhshing@gmail.com
61909,蕭美昇,研發部,changwanhshing@gmail.com
97238,魏晴傑,研發部,changwanhshing@gmail.com
11468,杜峰豪,倉儲部,changwanhshing@gmail.com
50113,蘇峰敏,稽核部,changwanhshing@gmail.com
53603,劉建鳳,總務部,changwanhshing@gmail.com
64752,周建林,採購部,changwanhshing@gmail.com
99038,王欣超,採購部,changwanhshing@gmail.com
44770,潘志鳳,品管部,changwanhshing@gmail.com
14562,鄭晴賢,品管部,changwanhshing@gmail.com
34847,呂淑博,行銷部,changwanhshing@gmail.com
43452,張國森,法務部,changwanhshing@gmail.com
23836,陳秀秀,業務部,changwanhshing@gmail.com
64057,余麗敏,業務部,changwanhshing@gmail.com
28008,黃志浩,倉儲部,changwanhshing@gmail.com
17660,馮禮娟,財務部,changwanhshing@gmail.com
35126,彭孝文,資訊部,changwanhshing@gmail.com
22786,高雅毅,人事部,changwanhshing@gmail.com
98085,潘俊森,稽核部,changwanhshing@gmail.com
69839,何春豪,倉儲部,changwanhshing@gmail.com
16492,呂義毅,資訊部,changwanhshing@gmail.com
68711,丁宏雄,資訊部,changwanhshing@gmail.com
31920,吳麗誠,採購部,changwanhshing@gmail.com
40288,蔡秀誠,客服部,changwanhshing@gmail.com
60431,潘晨博,企劃部,changwanhshing@gmail.com
28885,任信芳,行銷部,changwanhshing@gmail.com
75921,蕭美洋,行銷部,changwanhshing@gmail.com
84611,孫慧芳,企劃部,changwanhshing@gmail.com
44877,朱桂勇,生產部,changwanhshing@gmail.com
19906,謝桂娟,客服部,changwanhshing@gmail.com
96067,楊孝林,總務部,changwanhshing@gmail.com
39784,王忠傑,總務部,changwanhshing@gmail.com
91748,江景賢,客服部,changwanhshing@gmail.com
79251,何淑洋,企劃部,changwanhshing@gmail.com
31808,田國毅,法務部,changwanhshing@gmail.com
55763,袁旭靜,總務部,changwanhshing@gmail.com
45511,朱雯燕,稽核部,changwanhshing@gmail.com
55339,曹雯麗,客服部,changwanhshing@gmail.com
69239,陳忠麗,生產部,changwanhshing@gmail.com
19361,葉景超,研發部,changwanhshing@gmail.com
56282,何欣煌,品管部,changwanhshing@gmail.com
18640,劉景樺,採購部,changwanhshing@gmail.com
81223,張麗昇,行銷部,changwanhshing@gmail.com
38359,曹惠浩,採購部,changwanhshing@gmail.com
46974,梁正淵,採購部,changwanhshing@gmail.com
53996,陳桂淵,研發部,changwanhshing@gmail.com
17550,趙淑偉,品管部,changwanhshing@gmail.com
40305,江欣宇,客服部,changwanhshing@gmail.com
30089,蔣桂鳳,採購部,changwanhshing@gmail.com
61901,許信雄,總務部,changwanhshing@gmail.com
27037,趙家龍,法務部,changwanhshing@gmail.com
20742,梁孝澤,稽核部,changwanhshing@gmail.com
81850,梁秀輝,生產部,changwanhshing@gmail.com
51345,梁淑誠,行銷部,changwanhshing@gmail.com
86709,田淑麗,資訊部,changwanhshing@gmail.com
98735,徐文文,企劃部,changwanhshing@gmail.com
83997,宋夏森,採購部,changwanhshing@gmail.com
36940,袁昊煌,總務部,changwanhshing@gmail.com
67227,葉晴洋,生產部,changwanhshing@gmail.com
90434,呂忠燕,稽核部,changwanhshing@gmail.com
28337,郭孝芳,生產部,changwanhshing@gmail.com
78807,王冬澤,資訊部,changwanhshing@gmail.com
20363,馮秋超,財務部,changwanhshing@gmail.com
41534,蔡雅龍,倉儲部,changwanhshing@gmail.com
47023,陳大軍,人事部,changwanhshing@gmail.com
87151,潘惠昇,生產部,changwanhshing@gmail.com
10225,江文森,生產部,changwanhshing@gmail.com
88025,謝冬麗,資訊部,changwanhshing@gmail.com
51770,黃桂強,行銷部,changwanhshing@gmail.com
81354,陳峰傑,生產部,changwanhshing@gmail.com
46144,劉俊超,法務部,changwanhshing@gmail.com
11977,鄭忠傑,研發部,changwanhshing@gmail.com
82170,張春棟,總務部,changwanhshing@gmail.com
56935,趙冬洋,業務部,changwanhshing@gmail.com
31747,朱昊澤,資訊部,changwanhshing@gmail.com
24345,曹信宇,資訊部,changwanhshing@gmail.com
46373,陳桂龍,企劃部,changwanhshing@gmail.com
73245,馬宏龍,研發部,changwanhshing@gmail.com
81903,黃偉龍,財務部,changwanhshing@gmail.com
59785,蘇正博,行銷部,changwanhshing@gmail.com
42423,袁景誠,資訊部,changwanhshing@gmail.com
71178,陳仁玲,財務部,changwanhshing@gmail.com
71195,謝淑勇,財務部,changwanhshing@gmail.com
72795,余志森,企劃部,changwanhshing@gmail.com
43183,韓晴賢,採購部,changwanhshing@gmail.com
13510,潘秀煌,人事部,changwanhshing@gmail.com
92043,韓麗樺,品管部,changwanhshing@gmail.com
77672,杜正輝,品管部,changwanhshing@gmail.com
58671,田夏龍,人事部,changwanhshing@gmail.com
69036,鄧偉明,採購部,changwanhshing@gmail.com
25123,宋桂鳳,企劃部,changwanhshing@gmail.com
40449,郭昊翔,財務部,changwanhshing@gmail.com
19562,蕭昊淵,企劃部,changwanhshing@gmail.com
18746,吳佳煌,企劃部,changwanhshing@gmail.com
10258,黃晨云,倉儲部,changwanhshing@gmail.com
74561,杜俊文,法務部,changwanhshing@gmail.com
32929,徐峰博,企劃部,changwanhshing@gmail.com
74755,鄭俊靜,法務部,changwanhshing@gmail.com
60996,梁志森,企劃部,changwanhshing@gmail.com
93098,朱孝宇,人事部,changwanhshing@gmail.com
61500,許夏煌,稽核部,changwanhshing@gmail.com
79437,徐嘉靜,生產部,changwanhshing@gmail.com
25483,蘇春傑,客服部,changwanhshing@gmail.com
75127,袁禮秀,稽核部,changwanhshing@gmail.com
46140,蘇嘉浩,稽核部,changwanhshing@gmail.com
38992,高淑云,稽核部,changwanhshing@gmail.com
35802,劉仁燕,品管部,changwanhshing@gmail.com
81204,吳雅淵,財務部,changwanhshing@gmail.com
47335,呂建龍,倉儲部,changwanhshing@gmail.com
46348,蔣偉翔,客服部,changwanhshing@gmail.com
15732,趙昊翔,採購部,changwanhshing@gmail.com
42536,劉秀文,資訊部,changwanhshing@gmail.com
80484,楊淑輝,研發部,changwanhshing@gmail.com
86035,王桂誠,品管部,changwanhshing@gmail.com
71845,蕭美森,行銷部,changwanhshing@gmail.com
87672,李孝軍,研發部,changwanhshing@gmail.com
69596,高義麗,生產部,changwanhshing@gmail.com
81488,王冬樺,人事部,changwanhshing@gmail.com
50653,葉桂敏,生產部,changwanhshing@gmail.com
87699,林秀澤,研發部,changwanhshing@gmail.com
34633,鄭春森,財務部,changwanhshing@gmail.com
17935,王大娟,研發部,changwanhshing@gmail.com
57740,葉信勇,稽核部,changwanhshing@gmail.com
46799,蔡家豪,品管部,changwanhshing@gmail.com
55398,宋仁超,品管部,changwanhshing@gmail.com
17309,蔣昊毅,業務部,changwanhshing@gmail.com
96605,黃冬雄,業務部,changwanhshing@gmail.com
21738,朱忠鳳,稽核部,changwanhshing@gmail.com
63362,丁宏娟,研發部,changwanhshing@gmail.com
67749,周俊澤,總務部,changwanhshing@gmail.com
80440,曾麗云,財務部,changwanhshing@gmail.com
52248,田晨賢,企劃部,changwanhshing@gmail.com
71564,陳志林,資訊部,changwanhshing@gmail.com
30297,鄭淑誠,研發部,changwanhshing@gmail.com
98796,呂明鳳,企劃部,changwanhshing@gmail.com
98836,劉嘉樺,資訊部,changwanhshing@gmail.com
70358,朱雅偉,資訊部,changwanhshing@gmail.com
76823,江嘉云,總務部,changwanhshing@gmail.com
20644,趙明軍,稽核部,changwanhshing@gmail.com
35885,余禮秀,人事部,changwanhshing@gmail.com
81189,馮國龍,稽核部,changwanhshing@gmail.com
45430,潘麗強,倉儲部,changwanhshing@gmail.com
26630,胡禮燕,總務部,changwanhshing@gmail.com
10150,林秋棟,行銷部,changwanhshing@gmail.com
82162,余嘉偉,研發部,changwanhshing@gmail.com
93479,田冬達,法務部,changwanhshing@gmail.com
54181,葉淑龍,品管部,changwanhshing@gmail.com
51760,郭俊雄,財務部,changwanhshing@gmail.com
23123,王大輝,品管部,changwanhshing@gmail.com
31017,朱宜毅,人事部,changwanhshing@gmail.com
76639,蕭家麗,採購部,changwanhshing@gmail.com
23946,何俊傑,法務部,changwanhshing@gmail.com
40116,蔡文鳳,總務部,changwanhshing@gmail.com
89000,蔣文樺,稽核部,changwanhshing@gmail.com
49708,袁俊勇,人事部,changwanhshing@gmail.com
39257,曾國麗,法務部,changwanhshing@gmail.com
46233,李佳麗,稽核部,changwanhshing@gmail.com
70856,許雯達,人事部,changwanhshing@gmail.com
48989,宋偉翔,倉儲部,changwanhshing@gmail.com
83276,曾義昇,資訊部,changwanhshing@gmail.com
53253,董偉達,企劃部,changwanhshing@gmail.com
88607,葉麗森,研發部,changwanhshing@gmail.com
88577,宋雯軍,倉儲部,changwanhshing@gmail.com
31544,陳淑麗,品管部,changwanhshing@gmail.com
33195,唐麗豪,稽核部,changwanhshing@gmail.com
18322,謝秋林,稽核部,changwanhshing@gmail.com
71288,謝忠毅,稽核部,changwanhshing@gmail.com
20747,何慧敏,客服部,changwanhshing@gmail.com
21196,田秋娟,總務部,changwanhshing@gmail.com
62358,馬家玲,稽核部,changwanhshing@gmail.com
46540,任麗雄,生產部,changwanhshing@gmail.com
28859,彭志昇,企劃部,changwanhshing@gmail.com
34534,宋國澤,生產部,changwanhshing@gmail.com
16374,趙麗靜,採購部,changwanhshing@gmail.com
18802,蘇美軍,生產部,changwanhshing@gmail.com
48416,孫夏毅,法務部,changwanhshing@gmail.com
87310,許俊澤,人事部,changwanhshing@gmail.com
94845,余佳鳳,客服部,changwanhshing@gmail.com
62128,任信勇,法務部,changwanhshing@gmail.com
53455,韓欣玲,客服部,changwanhshing@gmail.com
86803,徐孝靜,企劃部,changwanhshing@gmail.com
20140,宋建芳,稽核部,changwanhshing@gmail.com
87065,張宜勇,業務部,changwanhshing@gmail.com
55381,王冬毅,財務部,changwanhshing@gmail.com
54924,曹秀達,研發部,changwanhshing@gmail.com
45718,曾欣宇,業務部,changwanhshing@gmail.com
41598,程惠昇,財務部,changwanhshing@gmail.com
99067,曹慧燕,法務部,changwanhshing@gmail.com
37975,任志浩,生產部,changwanhshing@gmail.com
48224,黃秋勇,財務部,changwanhshing@gmail.com
26787,程偉鳳,資訊部,changwanhshing@gmail.com
82943,劉秀麗,法務部,changwanhshing@gmail.com
35153,曾雯雄,品管部,changwanhshing@gmail.com
44767,任佳敏,業務部,changwanhshing@gmail.com
10646,蔣旭毅,研發部,changwanhshing@gmail.com
92639,梁宜輝,總務部,changwanhshing@gmail.com
93115,羅秋淵,法務部,changwanhshing@gmail.com
23341,任春敏,採購部,changwanhshing@gmail.com
79294,董文燕,財務部,changwanhshing@gmail.com
35363,周夏毅,業務部,changwanhshing@gmail.com
15247,蘇雯文,行銷部,changwanhshing@gmail.com
94250,韓大龍,財務部,changwanhshing@gmail.com
79800,楊秋軍,財務部,changwanhshing@gmail.com
82743,陳宏燕,倉儲部,changwanhshing@gmail.com
62678,羅惠玲,業務部,changwanhshing@gmail.com
43296,魏美棟,採購部,changwanhshing@gmail.com
16902,胡俊輝,企劃部,changwanhshing@gmail.com
47572,梁雯森,行銷部,changwanhshing@gmail.com
71327,周惠明,企劃部,changwanhshing@gmail.com
82574,羅夏樺,法務部,changwanhshing@gmail.com
67314,黃麗麗,稽核部,changwanhshing@gmail.com
68462,郭麗淵,行銷部,changwanhshing@gmail.com
41155,羅桂秀,行銷部,changwanhshing@gmail.com
77445,李國敏,倉儲部,changwanhshing@gmail.com
23320,任景博,總務部,changwanhshing@gmail.com
31572,林雯麗,人事部,changwanhshing@gmail.com
62086,楊志棟,財務部,changwanhshing@gmail.com
16660,孫大燕,資訊部,changwanhshing@gmail.com
44897,曹大翔,研發部,changwanhshing@gmail.com
88269,袁晨靜,行銷部,changwanhshing@gmail.com
49001,彭正麗,研發部,changwanhshing@gmail.com
20899,羅信豪,品管部,changwanhshing@gmail.com
98770,蕭偉林,行銷部,changwanhshing@gmail.com
76350,葉仁宇,品管部,changwanhshing@gmail.com
42484,袁慧宇,客服部,changwanhshing@gmail.com
81069,羅慧豪,法務部,changwanhshing@gmail.com
14510,羅佳翔,人事部,changwanhshing@gmail.com
63293,余峰煌,研發部,changwanhshing@gmail.com
56086,呂雯昇,生產部,changwanhshing@gmail.com
84575,馮美麗,生產部,changwanhshing@gmail.com
12826,杜嘉玲,總務部,changwanhshing@gmail.com
17414,宋冬靜,企劃部,changwanhshing@gmail.com
78216,黃麗靜,財務部,changwanhshing@gmail.com
66802,任晴娟,品管部,changwanhshing@gmail.com
17832,趙家燕,企劃部,changwanhshing@gmail.com
60224,宋佳毅,品管部,changwanhshing@gmail.com
19808,韓惠強,品管部,changwanhshing@gmail.com
18030,田桂勇,資訊部,changwanhshing@gmail.com
99367,田昊浩,客服部,changwanhshing@gmail.com
34835,程晨浩,業務部,changwanhshing@gmail.com
99155,林忠秀,採購部,changwanhshing@gmail.com
98422,吳國博,總務部,changwanhshing@gmail.com
43469,梁慧棟,企劃部,changwanhshing@gmail.com
11879,潘桂敏,人事部,changwanhshing@gmail.com
56518,潘孝超,客服部,changwanhshing@gmail.com
70347,彭麗勇,資訊部,changwanhshing@gmail.com
46225,鄧秀澤,倉儲部,changwanhshing@gmail.com
73664,呂景浩,稽核部,changwanhshing@gmail.com
94783,唐麗強,研發部,changwanhshing@gmail.com
23307,林正誠,客服部,changwanhshing@gmail.com
27222,馮禮軍,資訊部,changwanhshing@gmail.com
59216,張景澤,稽核部,changwanhshing@gmail.com
63780,蔣美勇,採購部,changwanhshing@gmail.com
54906,徐景鳳,資訊部,changwanhshing@gmail.com
69776,江惠燕,客服部,changwanhshing@gmail.com
15097,何美毅,倉儲部,changwanhshing@gmail.com
75843,鄭桂棟,研發部,changwanhshing@gmail.com
70110,江義博,企劃部,changwanhshing@gmail.com
82753,唐明強,客服部,changwanhshing@gmail.com
11924,葉晴毅,業務部,changwanhshing@gmail.com
88709,余宜博,行銷部,changwanhshing@gmail.com
54143,蕭欣樺,客服部,changwanhshing@gmail.com
44834,何宏洋,倉儲部,changwanhshing@gmail.com
22328,江麗豪,總務部,changwanhshing@gmail.com
82322,孫宏明,稽核部,changwanhshing@gmail.com
96507,蔣雯博,財務部,changwanhshing@gmail.com
51836,謝忠玲,企劃部,changwanhshing@gmail.com
40736,曹國輝,財務部,changwanhshing@gmail.com
17343,韓志文,採購部,changwanhshing@gmail.com
74697,吳晨林,倉儲部,changwanhshing@gmail.com
65092,余旭森,客服部,changwanhshing@gmail.com
41919,李佳文,採購部,changwanhshing@gmail.com
17275,丁忠強,業務部,changwanhshing@gmail.com
11106,鄭家鳳,業務部,changwanhshing@gmail.com
73379,黃慧敏,行銷部,changwanhshing@gmail.com
56464,林大超,客服部,changwanhshing@gmail.com
81727,孫雯達,採購部,changwanhshing@gmail.com
23517,呂晴秀,倉儲部,changwanhshing@gmail.com
36131,江桂翔,品管部,changwanhshing@gmail.com
26492,葉欣偉,行銷部,changwanhshing@gmail.com
62804,楊雯勇,財務部,changwanhshing@gmail.com
54455,徐昊鳳,人事部,changwanhshing@gmail.com
14982,胡峰煌,資訊部,changwanhshing@gmail.com
97971,何惠強,行銷部,changwanhshing@gmail.com
82719,周秀賢,企劃部,changwanhshing@gmail.com
82272,李偉明,稽核部,changwanhshing@gmail.com
67284,蕭忠勇,研發部,changwanhshing@gmail.com
15815,潘禮勇,企劃部,changwanhshing@gmail.com
52555,梁偉強,稽核部,changwanhshing@gmail.com
76608,葉雅毅,資訊部,changwanhshing@gmail.com
66322,董慧文,法務部,changwanhshing@gmail.com
71036,鄭麗云,資訊部,changwanhshing@gmail.com
83753,鄧宜龍,財務部,changwanhshing@gmail.com
28710,丁偉鳳,研發部,changwanhshing@gmail.com
74204,曹冬雄,品管部,changwanhshing@gmail.com
17193,朱俊娟,法務部,changwanhshing@gmail.com
83370,呂慧昇,稽核部,changwanhshing@gmail.com
34879,徐信強,研發部,changwanhshing@gmail.com
89841,韓景軍,生產部,changwanhshing@gmail.com
32425,彭宜昇,總務部,changwanhshing@gmail.com
52847,宋明燕,客服部,changwanhshing@gmail.com
24807,馬雯芳,生產部,changwanhshing@gmail.com
72277,蔣欣淵,品管部,changwanhshing@gmail.com
43433,孫欣勇,總務部,changwanhshing@gmail.com
92477,楊大雄,業務部,changwanhshing@gmail.com
14152,葉禮超,業務部,changwanhshing@gmail.com
84128,唐文勇,客服部,changwanhshing@gmail.com
90644,彭景賢,人事部,changwanhshing@gmail.com
62462,任秀云,資訊部,changwanhshing@gmail.com
86693,林雯棟,客服部,changwanhshing@gmail.com
67766,胡信玲,倉儲部,changwanhshing@gmail.com
41729,梁偉燕,企劃部,changwanhshing@gmail.com
27546,蕭忠傑,稽核部,changwanhshing@gmail.com
66785,韓志文,研發部,changwanhshing@gmail.com
74774,謝義棟,倉儲部,changwanhshing@gmail.com
83831,田宏超,總務部,changwanhshing@gmail.com
94955,林嘉宇,倉儲部,changwanhshing@gmail.com
51731,梁春明,生產部,changwanhshing@gmail.com
43596,趙宏娟,企劃部,changwanhshing@gmail.com
37405,楊晴毅,企劃部,changwanhshing@gmail.com
47870,董桂超,財務部,changwanhshing@gmail.com
62569,馬家浩,企劃部,changwanhshing@gmail.com
76557,呂俊文,研發部,changwanhshing@gmail.com
45245,蔡秀澤,生產部,changwanhshing@gmail.com
85654,田冬森,生產部,changwanhshing@gmail.com
79165,周欣賢,生產部,changwanhshing@gmail.com
11760,王俊煌,總務部,changwanhshing@gmail.com
13064,陳仁云,企劃部,changwanhshing@gmail.com
95965,謝冬文,業務部,changwanhshing@gmail.com
24382,蘇大博,倉儲部,changwanhshing@gmail.com
91238,任義昇,客服部,changwanhshing@gmail.com
24558,羅冬輝,倉儲部,changwanhshing@gmail.com
42198,蘇淑昇,企劃部,changwanhshing@gmail.com
99704,任晨鳳,品管部,changwanhshing@gmail.com
47361,唐志勇,業務部,changwanhshing@gmail.com
63123,馬夏森,法務部,changwanhshing@gmail.com
36698,丁明樺,研發部,changwanhshing@gmail.com
20091,潘慧毅,倉儲部,changwanhshing@gmail.com
67496,馬義林,總務部,changwanhshing@gmail.com
81618,魏信輝,品管部,changwanhshing@gmail.com
43519,杜禮軍,人事部,changwanhshing@gmail.com
31788,韓峰林,倉儲部,changwanhshing@gmail.com
18846,馮信秀,研發部,changwanhshing@gmail.com
39524,丁志樺,客服部,changwanhshing@gmail.com
96410,何旭棟,稽核部,changwanhshing@gmail.com
51179,朱仁豪,倉儲部,changwanhshing@gmail.com
17015,鄧宜秀,行銷部,changwanhshing@gmail.com
75308,袁昊秀,研發部,changwanhshing@gmail.com
82872,趙嘉云,行銷部,changwanhshing@gmail.com
48691,曹建洋,資訊部,changwanhshing@gmail.com
82670,田宏娟,總務部,changwanhshing@gmail.com
10409,馬宜森,人事部,changwanhshing@gmail.com
10084,杜昊翔,生產部,changwanhshing@gmail.com
90990,程大強,行銷部,changwanhshing@gmail.com
21213,朱志棟,業務部,changwanhshing@gmail.com
90322,馮明翔,生產部,changwanhshing@gmail.com
79174,董建浩,企劃部,changwanhshing@gmail.com
34692,曹偉雄,採購部,changwanhshing@gmail.com
94211,葉宏敏,法務部,changwanhshing@gmail.com
37735,周大超,業務部,changwanhshing@gmail.com
30797,蕭仁云,財務部,changwanhshing@gmail.com
11715,胡昊傑,財務部,changwanhshing@gmail.com
41063,黃嘉浩,生產部,changwanhshing@gmail.com
26047,黃孝博,倉儲部,changwanhshing@gmail.com
65177,馮家賢,倉儲部,changwanhshing@gmail.com
89183,丁晨洋,倉儲部,changwanhshing@gmail.com
80263,朱雅燕,行銷部,changwanhshing@gmail.com
63873,李秀鳳,企劃部,changwanhshing@gmail.com
67079,馬忠軍,品管部,changwanhshing@gmail.com
56694,謝正燕,研發部,changwanhshing@gmail.com
31107,袁桂娟,總務部,changwanhshing@gmail.com
95339,何志玲,採購部,changwanhshing@gmail.com
14862,黃桂煌,研發部,changwanhshing@gmail.com
91820,孫大云,採購部,changwanhshing@gmail.com
33952,蔣文燕,採購部,changwanhshing@gmail.com
93046,許仁勇,客服部,changwanhshing@gmail.com
64199,潘信煌,倉儲部,changwanhshing@gmail.com
24522,蔡禮芳,人事部,changwanhshing@gmail.com
91897,趙禮淵,倉儲部,changwanhshing@gmail.com
91511,呂忠翔,人事部,changwanhshing@gmail.com
31302,潘孝麗,品管部,changwanhshing@gmail.com
29884,潘正澤,行銷部,changwanhshing@gmail.com
28473,胡晨森,研發部,changwanhshing@gmail.com
57773,郭麗傑,人事部,changwanhshing@gmail.com
39736,李麗芳,客服部,changwanhshing@gmail.com
20253,董宏賢,人事部,changwanhshing@gmail.com
12602,蕭雯森,生產部,changwanhshing@gmail.com
66535,劉仁傑,行銷部,changwanhshing@gmail.com
18374,余義龍,客服部,changwanhshing@gmail.com
87394,葉景鳳,生產部,changwanhshing@gmail.com
99157,呂秋宇,倉儲部,changwanhshing@gmail.com
49806,陳義鳳,研發部,changwanhshing@gmail.com
60890,吳旭森,稽核部,changwanhshing@gmail.com
81798,唐峰偉,研發部,changwanhshing@gmail.com
56532,彭旭誠,品管部,changwanhshing@gmail.com
97129,高忠浩,人事部,changwanhshing@gmail.com
50784,楊大文,倉儲部,changwanhshing@gmail.com
72459,呂志樺,財務部,changwanhshing@gmail.com
77940,蘇志龍,業務部,changwanhshing@gmail.com
32012,蔣建傑,總務部,changwanhshing@gmail.com
42446,許雯浩,法務部,changwanhshing@gmail.com
72832,高冬靜,財務部,changwanhshing@gmail.com
37236,謝俊明,總務部,changwanhshing@gmail.com
35144,蕭峰龍,生產部,changwanhshing@gmail.com
44203,楊昊娟,採購部,changwanhshing@gmail.com
18754,李孝軍,客服部,changwanhshing@gmail.com
50783,郭忠淵,財務部,changwanhshing@gmail.com
28042,徐秀云,行銷部,changwanhshing@gmail.com
79220,趙雅誠,客服部,changwanhshing@gmail.com
56563,葉宏秀,行銷部,changwanhshing@gmail.com
44492,蘇峰翔,品管部,changwanhshing@gmail.com
28634,余孝博,研發部,changwanhshing@gmail.com
67707,唐惠雄,品管部,changwanhshing@gmail.com
60721,郭淑龍,資訊部,changwanhshing@gmail.com
56118,任冬誠,法務部,changwanhshing@gmail.com
21310,何惠昇,企劃部,changwanhshing@gmail.com
94318,魏信偉,財務部,changwanhshing@gmail.com
28141,宋忠鳳,人事部,changwanhshing@gmail.com
78093,董雅玲,採購部,changwanhshing@gmail.com
55550,張旭軍,企劃部,changwanhshing@gmail.com
71225,彭禮達,生產部,changwanhshing@gmail.com
15331,郭淑偉,法務部,changwanhshing@gmail.com
31780,羅大文,法務部,changwanhshing@gmail.com
22486,任明鳳,法務部,changwanhshing@gmail.com
79920,謝景澤,採購部,changwanhshing@gmail.com
76332,蔣大煌,生產部,changwanhshing@gmail.com
85731,蔡桂芳,稽核部,changwanhshing@gmail.com
51708,許建芳,稽核部,changwanhshing@gmail.com
98844,程欣軍,財務部,changwanhshing@gmail.com
42769,程慧敏,財務部,changwanhshing@gmail.com
67492,杜明雄,人事部,changwanhshing@gmail.com
44191,黃明森,採購部,changwanhshing@gmail.com
31707,蔣晴樺,企劃部,changwanhshing@gmail.com
64656,吳惠浩,研發部,changwanhshing@gmail.com
81722,林孝森,生產部,changwanhshing@gmail.com
31081,趙明玲,人事部,changwanhshing@gmail.com
74147,董國輝,客服部,changwanhshing@gmail.com
63804,蔣晴博,稽核部,changwanhshing@gmail.com
34014,唐偉龍,倉儲部,changwanhshing@gmail.com
22144,呂宏昇,採購部,changwanhshing@gmail.com
75368,朱峰超,研發部,changwanhshing@gmail.com
75841,朱冬森,品管部,changwanhshing@gmail.com
91714,丁美毅,行銷部,changwanhshing@gmail.com
82450,田旭娟,總務部,changwanhshing@gmail.com
20100,林家豪,法務部,changwanhshing@gmail.com
25022,郭忠強,行銷部,changwanhshing@gmail.com
84817,潘景宇,生產部,changwanhshing@gmail.com
31056,吳慧龍,採購部,changwanhshing@gmail.com
16566,楊美浩,人事部,changwanhshing@gmail.com
87732,黃旭洋,總務部,changwanhshing@gmail.com
65982,潘宜林,研發部,changwanhshing@gmail.com
22952,唐冬林,採購部,changwanhshing@gmail.com
74333,王忠強,品管部,changwanhshing@gmail.com
58371,唐文毅,企劃部,changwanhshing@gmail.com
90250,杜佳達,生產部,changwanhshing@gmail.com
17640,蔡仁博,採購部,changwanhshing@gmail.com
91543,丁麗明,研發部,changwanhshing@gmail.com
86135,楊大勇,財務部,changwanhshing@gmail.com
90146,羅慧洋,業務部,changwanhshing@gmail.com
36536,任仁昇,業務部,changwanhshing@gmail.com
66688,朱大超,人事部,changwanhshing@gmail.com
29709,唐宜秀,品管部,changwanhshing@gmail.com
51672,丁秀明,業務部,changwanhshing@gmail.com
73041,趙大軍,人事部,changwanhshing@gmail.com
11459,胡宏澤,業務部,changwanhshing@gmail.com
69689,江明敏,客服部,changwanhshing@gmail.com
77725,王禮傑,法務部,changwanhshing@gmail.com
95950,梁麗博,行銷部,changwanhshing@gmail.com
45675,魏景達,資訊部,changwanhshing@gmail.com
33809,江夏輝,總務部,changwanhshing@gmail.com
76447,吳旭雄,人事部,changwanhshing@gmail.com
63646,曹晴豪,採購部,changwanhshing@gmail.com
69295,余昊軍,人事部,changwanhshing@gmail.com
95867,蔡欣豪,稽核部,changwanhshing@gmail.com
59521,唐大軍,倉儲部,changwanhshing@gmail.com
98534,趙景云,資訊部,changwanhshing@gmail.com
12844,鄭桂煌,研發部,changwanhshing@gmail.com
80678,王秋棟,企劃部,changwanhshing@gmail.com
53250,彭旭達,人事部,changwanhshing@gmail.com
49110,胡雅明,企劃部,changwanhshing@gmail.com
76793,孫家燕,倉儲部,changwanhshing@gmail.com
37789,唐佳明,品管部,changwanhshing@gmail.com
76373,潘秋鳳,稽核部,changwanhshing@gmail.com
85119,魏信偉,客服部,changwanhshing@gmail.com
23827,蔣慧龍,客服部,changwanhshing@gmail.com
18968,劉大翔,行銷部,changwanhshing@gmail.com
97795,余夏淵,企劃部,changwanhshing@gmail.com
52816,曾俊軍,稽核部,changwanhshing@gmail.com
92049,李美昇,行銷部,changwanhshing@gmail.com
36106,曾家麗,客服部,changwanhshing@gmail.com
37197,謝淑麗,業務部,changwanhshing@gmail.com
63723,馬雅煌,行銷部,changwanhshing@gmail.com
67957,任國明,品管部,changwanhshing@gmail.com
36387,李慧娟,業務部,changwanhshing@gmail.com
64528,馬信娟,倉儲部,changwanhshing@gmail.com
24324,謝大芳,總務部,changwanhshing@gmail.com
27711,余峰樺,行銷部,changwanhshing@gmail.com
39671,葉忠娟,財務部,changwanhshing@gmail.com
72041,孫信明,品管部,changwanhshing@gmail.com
17025,何佳玲,總務部,changwanhshing@gmail.com
84458,程文龍,客服部,changwanhshing@gmail.com
85167,孫景毅,資訊部,changwanhshing@gmail.com
98100,馮建森,業務部,changwanhshing@gmail.com
59866,陳雅玲,法務部,changwanhshing@gmail.com
49746,張夏明,倉儲部,changwanhshing@gmail.com
45137,韓國煌,倉儲部,changwanhshing@gmail.com
67864,宋旭強,人事部,changwanhshing@gmail.com
37567,葉美勇,研發部,changwanhshing@gmail.com
66624,孫宜宇,法務部,changwanhshing@gmail.com
22509,王美麗,總務部,changwanhshing@gmail.com
24358,許美賢,總務部,changwanhshing@gmail.com
15310,陳家文,研發部,changwanhshing@gmail.com
49993,宋夏傑,法務部,changwanhshing@gmail.com
41650,蔣雅博,財務部,changwanhshing@gmail.com
57630,蔡俊靜,倉儲部,changwanhshing@gmail.com
44781,高家勇,生產部,changwanhshing@gmail.com
48091,蕭雅樺,人事部,changwanhshing@gmail.com
12719,羅佳娟,倉儲部,changwanhshing@gmail.com
92315,江慧鳳,生產部,changwanhshing@gmail.com
11368,呂志輝,研發部,changwanhshing@gmail.com
16218,程旭達,業務部,changwanhshing@gmail.com
26144,陳禮鳳,稽核部,changwanhshing@gmail.com
86284,蔡正輝,總務部,changwanhshing@gmail.com
78164,陳峰豪,總務部,changwanhshing@gmail.com
69103,丁宜傑,行銷部,changwanhshing@gmail.com
84481,郭欣軍,人事部,changwanhshing@gmail.com
43924,彭桂澤,企劃部,changwanhshing@gmail.com
80677,陳建云,倉儲部,changwanhshing@gmail.com
88559,吳宜燕,生產部,changwanhshing@gmail.com
37686,劉偉玲,財務部,changwanhshing@gmail.com
29620,袁宏偉,資訊部,changwanhshing@gmail.com
72360,余晨煌,總務部,changwanhshing@gmail.com
41445,余義靜,生產部,changwanhshing@gmail.com
77487,胡昊宇,財務部,changwanhshing@gmail.com
29179,潘國超,人事部,changwanhshing@gmail.com
65950,梁春敏,品管部,changwanhshing@gmail.com
99850,程惠林,倉儲部,changwanhshing@gmail.com
70166,林忠林,採購部,changwanhshing@gmail.com
28091,許文麗,人事部,changwanhshing@gmail.com
24758,鄧建龍,採購部,changwanhshing@gmail.com
25752,程信昇,業務部,changwanhshing@gmail.com
25264,陳明龍,行銷部,changwanhshing@gmail.com
56907,董忠淵,採購部,changwanhshing@gmail.com
13474,朱美雄,總務部,changwanhshing@gmail.com
71983,任大秀,總務部,changwanhshing@gmail.com
12812,郭信燕,資訊部,changwanhshing@gmail.com
53212,曾桂傑,總務部,changwanhshing@gmail.com
13512,蔣大麗,採購部,changwanhshing@gmail.com
78268,呂秀宇,總務部,changwanhshing@gmail.com
62501,周佳明,法務部,changwanhshing@gmail.com
94528,余美鳳,資訊部,changwanhshing@gmail.com
50764,李麗樺,總務部,changwanhshing@gmail.com
17760,楊明洋,行銷部,changwanhshing@gmail.com
91682,馬家娟,稽核部,changwanhshing@gmail.com
10549,許夏芳,稽核部,changwanhshing@gmail.com
87788,黃景棟,業務部,changwanhshing@gmail.com
63428,李文淵,法務部,changwanhshing@gmail.com
42431,袁景靜,法務部,changwanhshing@gmail.com
66668,余晨賢,資訊部,changwanhshing@gmail.com
67927,魏嘉娟,財務部,changwanhshing@gmail.com
62219,丁秀強,業務部,changwanhshing@gmail.com
55189,羅國傑,稽核部,changwanhshing@gmail.com
19413,趙明豪,業務部,changwanhshing@gmail.com
43041,蔡家云,稽核部,changwanhshing@gmail.com
99181,唐惠樺,法務部,changwanhshing@gmail.com
96362,余忠燕,企劃部,changwanhshing@gmail.com
12664,郭大文,研發部,changwanhshing@gmail.com
96996,孫冬毅,總務部,changwanhshing@gmail.com
34179,呂明洋,倉儲部,changwanhshing@gmail.com
91582,魏孝煌,行銷部,changwanhshing@gmail.com
14631,余建輝,研發部,changwanhshing@gmail.com
13283,高冬鳳,總務部,changwanhshing@gmail.com
98111,袁峰強,品管部,changwanhshing@gmail.com
22817,葉偉靜,資訊部,changwanhshing@gmail.com
30859,蔡義超,資訊部,changwanhshing@gmail.com
30290,郭正雄,企劃部,changwanhshing@gmail.com
81316,胡志豪,資訊部,changwanhshing@gmail.com
19428,許美秀,採購部,changwanhshing@gmail.com
28131,袁秋芳,法務部,changwanhshing@gmail.com
56504,朱旭勇,客服部,changwanhshing@gmail.com
16145,袁明敏,業務部,changwanhshing@gmail.com
98882,鄧春偉,總務部,changwanhshing@gmail.com
68705,董慧豪,生產部,changwanhshing@gmail.com
58990,蕭志宇,研發部,changwanhshing@gmail.com
55455,任宏玲,人事部,changwanhshing@gmail.com
69752,林晨棟,品管部,changwanhshing@gmail.com
53601,高禮文,品管部,changwanhshing@gmail.com
16976,曹正輝,法務部,changwanhshing@gmail.com
50838,曹嘉明,採購部,changwanhshing@gmail.com
12441,鄭明洋,研發部,changwanhshing@gmail.com
24015,胡峰明,研發部,changwanhshing@gmail.com
31255,羅惠翔,人事部,changwanhshing@gmail.com
88389,袁信浩,總務部,changwanhshing@gmail.com
87118,宋夏勇,行銷部,changwanhshing@gmail.com
22122,魏明超,業務部,changwanhshing@gmail.com
88226,周慧龍,客服部,changwanhshing@gmail.com
43248,胡欣云,財務部,changwanhshing@gmail.com
30971,胡信龍,總務部,changwanhshing@gmail.com
77161,張惠誠,資訊部,changwanhshing@gmail.com
49439,郭信鳳,業務部,changwanhshing@gmail.com
70598,謝嘉明,稽核部,changwanhshing@gmail.com
42776,程孝棟,法務部,changwanhshing@gmail.com
57843,蔣淑云,稽核部,changwanhshing@gmail.com
49672,呂嘉淵,總務部,changwanhshing@gmail.com
93850,許旭澤,生產部,changwanhshing@gmail.com
78730,袁俊勇,生產部,changwanhshing@gmail.com
54611,彭文文,人事部,changwanhshing@gmail.com
52303,呂文澤,客服部,changwanhshing@gmail.com
10320,謝大達,倉儲部,changwanhshing@gmail.com
54628,何孝鳳,法務部,changwanhshing@gmail.com
98822,杜慧煌,業務部,changwanhshing@gmail.com
40190,朱晴軍,倉儲部,changwanhshing@gmail.com
93017,田義鳳,生產部,changwanhshing@gmail.com
47242,孫雯鳳,採購部,changwanhshing@gmail.com
64477,王旭玲,研發部,changwanhshing@gmail.com
91925,何信秀,採購部,changwanhshing@gmail.com
24882,彭秀超,客服部,changwanhshing@gmail.com
44624,吳正文,行銷部,changwanhshing@gmail.com
82787,曾宜娟,業務部,changwanhshing@gmail.com
47177,袁俊誠,生產部,changwanhshing@gmail.com
25336,蔣慧超,資訊部,changwanhshing@gmail.com
84249,許俊樺,行銷部,changwanhshing@gmail.com
13308,葉大鳳,品管部,changwanhshing@gmail.com
16376,唐明娟,稽核部,changwanhshing@gmail.com
88777,謝偉豪,資訊部,changwanhshing@gmail.com
26016,孫麗雄,業務部,changwanhshing@gmail.com
91321,梁峰燕,採購部,changwanhshing@gmail.com
12252,馮淑燕,倉儲部,changwanhshing@gmail.com
56153,魏晴秀,企劃部,changwanhshing@gmail.com
49000,何義達,企劃部,changwanhshing@gmail.com
79482,何晨豪,人事部,changwanhshing@gmail.com
82970,謝雯云,倉儲部,changwanhshing@gmail.com
71291,任淑昇,行銷部,changwanhshing@gmail.com
48116,劉正偉,總務部,changwanhshing@gmail.com
28812,蕭宏云,企劃部,changwanhshing@gmail.com
69817,馬夏輝,財務部,changwanhshing@gmail.com
43408,周宜傑,財務部,changwanhshing@gmail.com
53064,楊宏林,財務部,changwanhshing@gmail.com
21289,吳禮龍,財務部,changwanhshing@gmail.com
25383,王夏燕,業務部,changwanhshing@gmail.com
15993,許俊宇,客服部,changwanhshing@gmail.com
21208,王欣文,資訊部,changwanhshing@gmail.com
84380,羅國賢,客服部,changwanhshing@gmail.com
71204,任忠文,採購部,changwanhshing@gmail.com
30482,黃峰靜,品管部,changwanhshing@gmail.com
73970,馬旭毅,總務部,changwanhshing@gmail.com
81122,林惠偉,法務部,changwanhshing@gmail.com
83892,馬晨森,採購部,changwanhshing@gmail.com
71974,徐冬澤,稽核部,changwanhshing@gmail.com
99937,陳義秀,財務部,changwanhshing@gmail.com
25090,田淑豪,業務部,changwanhshing@gmail.com
33463,呂宏棟,行銷部,changwanhshing@gmail.com
72240,韓桂文,稽核部,changwanhshing@gmail.com
37629,朱忠翔,資訊部,changwanhshing@gmail.com
64861,任夏勇,資訊部,changwanhshing@gmail.com
32609,王孝煌,業務部,changwanhshing@gmail.com
50374,黃秀誠,總務部,changwanhshing@gmail.com
16097,朱秋達,企劃部,changwanhshing@gmail.com
89285,杜峰強,客服部,changwanhshing@gmail.com
12230,鄧雯達,客服部,changwanhshing@gmail.com
22259,徐景誠,品管部,changwanhshing@gmail.com
83571,袁麗森,企劃部,changwanhshing@gmail.com
51975,曹孝傑,資訊部,changwanhshing@gmail.com
33552,林偉棟,財務部,changwanhshing@gmail.com
30912,劉家浩,行銷部,changwanhshing@gmail.com
53890,徐俊傑,財務部,changwanhshing@gmail.com
57383,蔣夏毅,研發部,changwanhshing@gmail.com
45778,趙偉鳳,法務部,changwanhshing@gmail.com
72014,謝俊強,品管部,changwanhshing@gmail.com
88278,黃正煌,資訊部,changwanhshing@gmail.com
84775,周義煌,業務部,changwanhshing@gmail.com
13985,鄧昊賢,資訊部,changwanhshing@gmail.com
31756,潘景勇,總務部,changwanhshing@gmail.com
29874,劉宏達,採購部,changwanhshing@gmail.com
59481,江仁偉,採購部,changwanhshing@gmail.com
56679,高佳達,採購部,changwanhshing@gmail.com
60905,吳孝強,總務部,changwanhshing@gmail.com
89290,楊秀娟,企劃部,changwanhshing@gmail.com
45623,吳佳玲,倉儲部,changwanhshing@gmail.com
97668,黃信森,總務部,changwanhshing@gmail.com
37130,曹美娟,業務部,changwanhshing@gmail.com
27362,蘇正毅,稽核部,changwanhshing@gmail.com
35654,徐秋明,客服部,changwanhshing@gmail.com
59285,程夏娟,法務部,changwanhshing@gmail.com
61100,宋嘉軍,客服部,changwanhshing@gmail.com
22455,陳秋芳,倉儲部,changwanhshing@gmail.com
62844,梁建芳,採購部,changwanhshing@gmail.com
84374,周秀洋,客服部,changwanhshing@gmail.com
10239,郭雅麗,人事部,changwanhshing@gmail.com
56039,蘇秀偉,業務部,changwanhshing@gmail.com
14115,曾俊翔,法務部,changwanhshing@gmail.com
79909,蕭志玲,企劃部,changwanhshing@gmail.com
23647,曾家傑,客服部,changwanhshing@gmail.com
97220,李偉靜,人事部,changwanhshing@gmail.com
96157,黃宜洋,財務部,changwanhshing@gmail.com
57476,潘冬賢,財務部,changwanhshing@gmail.com
82608,高義浩,行銷部,changwanhshing@gmail.com
88494,葉佳鳳,客服部,changwanhshing@gmail.com
51612,呂秀明,研發部,changwanhshing@gmail.com
82203,楊大文,財務部,changwanhshing@gmail.com
65269,丁昊娟,稽核部,changwanhshing@gmail.com
16979,呂孝豪,客服部,changwanhshing@gmail.com
95835,孫麗昇,資訊部,changwanhshing@gmail.com
76477,魏惠昇,研發部,changwanhshing@gmail.com
88947,黃昊傑,倉儲部,changwanhshing@gmail.com
53859,李文娟,生產部,changwanhshing@gmail.com
36107,黃昊玲,採購部,changwanhshing@gmail.com
51374,曾義翔,稽核部,changwanhshing@gmail.com
79377,孫美龍,研發部,changwanhshing@gmail.com
72935,唐義明,企劃部,changwanhshing@gmail.com
89149,蔣峰雄,人事部,changwanhshing@gmail.com
89679,曾昊強,企劃部,changwanhshing@gmail.com
61705,曾麗林,採購部,changwanhshing@gmail.com
98037,謝淑芳,財務部,changwanhshing@gmail.com
48891,呂秀靜,財務部,changwanhshing@gmail.com
40316,李慧云,總務部,changwanhshing@gmail.com
17336,許秀超,業務部,changwanhshing@gmail.com
99256,袁宏翔,品管部,changwanhshing@gmail.com
86763,趙惠豪,總務部,changwanhshing@gmail.com
10553,徐惠娟,生產部,changwanhshing@gmail.com
49252,丁明靜,資訊部,changwanhshing@gmail.com
20042,李俊超,客服部,changwanhshing@gmail.com
77698,郭明森,稽核部,changwanhshing@gmail.com
83432,郭宜龍,品管部,changwanhshing@gmail.com
91755,劉孝宇,業務部,changwanhshing@gmail.com
24968,葉建鳳,企劃部,changwanhshing@gmail.com
58335,鄧景燕,稽核部,changwanhshing@gmail.com
56516,鄭志毅,稽核部,changwanhshing@gmail.com
22990,何峰賢,財務部,changwanhshing@gmail.com
13122,曾禮浩,資訊部,changwanhshing@gmail.com
29477,許國娟,客服部,changwanhshing@gmail.com
21797,孫秋豪,企劃部,changwanhshing@gmail.com
25201,馮嘉芳,客服部,changwanhshing@gmail.com
78235,王建達,品管部,changwanhshing@gmail.com
52920,唐秋浩,資訊部,changwanhshing@gmail.com
62435,周宜鳳,人事部,changwanhshing@gmail.com
35748,任俊傑,生產部,changwanhshing@gmail.com
59148,蔣偉森,業務部,changwanhshing@gmail.com
21327,徐忠宇,生產部,changwanhshing@gmail.com
35075,余文毅,資訊部,changwanhshing@gmail.com
43994,黃孝秀,法務部,changwanhshing@gmail.com
47602,鄧明文,客服部,changwanhshing@gmail.com
35084,梁欣雄,企劃部,changwanhshing@gmail.com
53534,田雅毅,稽核部,changwanhshing@gmail.com
66074,田秀毅,財務部,changwanhshing@gmail.com
64532,唐麗輝,業務部,changwanhshing@gmail.com
96562,趙春偉,研發部,changwanhshing@gmail.com
84331,任冬鳳,企劃部,changwanhshing@gmail.com
19933,宋淑浩,行銷部,changwanhshing@gmail.com
99032,馬信誠,財務部,changwanhshing@gmail.com
96540,梁俊洋,倉儲部,changwanhshing@gmail.com
59351,郭正偉,資訊部,changwanhshing@gmail.com
73202,蕭雯鳳,稽核部,changwanhshing@gmail.com
93809,王慧龍,總務部,changwanhshing@gmail.com
54880,韓秀娟,資訊部,changwanhshing@gmail.com
98147,楊家娟,財務部,changwanhshing@gmail.com
89106,彭惠昇,財務部,changwanhshing@gmail.com
17602,余雅軍,行銷部,changwanhshing@gmail.com
55243,陳義麗,客服部,changwanhshing@gmail.com
70461,梁正靜,倉儲部,changwanhshing@gmail.com
19812,王文雄,稽核部,changwanhshing@gmail.com
53527,彭嘉芳,稽核部,changwanhshing@gmail.com
79584,曹偉洋,企劃部,changwanhshing@gmail.com
73268,葉晨明,財務部,changwanhshing@gmail.com
67267,郭嘉浩,客服部,changwanhshing@gmail.com
76828,梁景軍,總務部,changwanhshing@gmail.com
30558,高昊林,倉儲部,changwanhshing@gmail.com
19268,李嘉輝,法務部,changwanhshing@gmail.com
30491,馬嘉輝,研發部,changwanhshing@gmail.com
85529,曾宏強,倉儲部,changwanhshing@gmail.com
43013,胡義玲,總務部,changwanhshing@gmail.com
69228,何宏明,人事部,changwanhshing@gmail.com
70406,羅景偉,資訊部,changwanhshing@gmail.com
84537,許信強,總務部,changwanhshing@gmail.com
20750,高麗傑,法務部,changwanhshing@gmail.com
41235,王秀超,採購部,changwanhshing@gmail.com
59680,楊文靜,企劃部,changwanhshing@gmail.com
67695,徐晴煌,企劃部,changwanhshing@gmail.com
29823,陳禮樺,品管部,changwanhshing@gmail.com
43071,馮宜娟,資訊部,changwanhshing@gmail.com
93386,程冬燕,資訊部,changwanhshing@gmail.com
97602,呂佳雄,總務部,changwanhshing@gmail.com
48185,孫雯洋,財務部,changwanhshing@gmail.com
89062,梁明勇,倉儲部,changwanhshing@gmail.com
16980,蔡冬澤,品管部,changwanhshing@gmail.com
60838,田峰鳳,資訊部,changwanhshing@gmail.com
37667,袁昊淵,行銷部,changwanhshing@gmail.com
90895,袁雅靜,總務部,changwanhshing@gmail.com
86010,江明燕,稽核部,changwanhshing@gmail.com
40864,趙仁勇,客服部,changwanhshing@gmail.com
67878,任春明,法務部,changwanhshing@gmail.com
72742,丁國云,客服部,changwanhshing@gmail.com
72759,江明澤,企劃部,changwanhshing@gmail.com
34032,梁文傑,總務部,changwanhshing@gmail.com
62712,王禮森,品管部,changwanhshing@gmail.com
75071,杜夏強,客服部,changwanhshing@gmail.com
22871,潘美毅,業務部,changwanhshing@gmail.com
77766,張麗麗,客服部,changwanhshing@gmail.com
80807,許夏達,品管部,changwanhshing@gmail.com
35504,曾昊誠,品管部,changwanhshing@gmail.com
25759,曹正明,總務部,changwanhshing@gmail.com
83901,曹晨翔,行銷部,changwanhshing@gmail.com
88797,蔣美云,法務部,changwanhshing@gmail.com
88001,林慧翔,企劃部,changwanhshing@gmail.com
46958,田春煌,財務部,changwanhshing@gmail.com
97209,呂家宇,客服部,changwanhshing@gmail.com
55748,潘旭翔,人事部,changwanhshing@gmail.com
68930,蔣偉博,品管部,changwanhshing@gmail.com
17524,馬明翔,行銷部,changwanhshing@gmail.com
90821,郭景翔,業務部,changwanhshing@gmail.com
32803,謝志麗,生產部,changwanhshing@gmail.com
74972,丁春靜,採購部,changwanhshing@gmail.com
89757,程景達,研發部,changwanhshing@gmail.com
43755,彭欣燕,總務部,changwanhshing@gmail.com
55082,郭文靜,行銷部,changwanhshing@gmail.com
95715,韓俊鳳,總務部,changwanhshing@gmail.com
37168,周慧林,資訊部,changwanhshing@gmail.com
23570,宋晨達,稽核部,changwanhshing@gmail.com
95008,鄧志昇,業務部,changwanhshing@gmail.com
50704,謝晴林,總務部,changwanhshing@gmail.com
98067,唐晨樺,業務部,changwanhshing@gmail.com
57519,田桂浩,研發部,changwanhshing@gmail.com
50162,宋家燕,總務部,changwanhshing@gmail.com
90217,魏冬玲,人事部,changwanhshing@gmail.com
89708,張欣棟,品管部,changwanhshing@gmail.com
27863,鄭桂靜,研發部,changwanhshing@gmail.com
44279,高宜靜,研發部,changwanhshing@gmail.com
26290,蕭信芳,行銷部,changwanhshing@gmail.com
78958,蔣孝勇,研發部,changwanhshing@gmail.com
83509,胡義林,品管部,changwanhshing@gmail.com
11335,郭夏昇,企劃部,changwanhshing@gmail.com
98231,任俊敏,資訊部,changwanhshing@gmail.com
19077,吳昊秀,人事部,changwanhshing@gmail.com
48273,李宜澤,財務部,changwanhshing@gmail.com
27584,王雯芳,法務部,changwanhshing@gmail.com
56540,朱禮林,行銷部,changwanhshing@gmail.com
50758,劉俊強,稽核部,changwanhshing@gmail.com
93400,丁美毅,人事部,changwanhshing@gmail.com
96164,李文秀,研發部,changwanhshing@gmail.com
23176,程雅芳,客服部,changwanhshing@gmail.com
95476,趙禮雄,行銷部,changwanhshing@gmail.com
11693,鄭俊達,資訊部,changwanhshing@gmail.com
99842,高麗淵,品管部,changwanhshing@gmail.com
52170,謝春軍,品管部,changwanhshing@gmail.com
16816,梁惠林,客服部,changwanhshing@gmail.com
38985,周美宇,稽核部,changwanhshing@gmail.com
43730,丁佳強,研發部,changwanhshing@gmail.com
80605,張文誠,企劃部,changwanhshing@gmail.com
39995,林佳誠,企劃部,changwanhshing@gmail.com
22782,趙慧麗,採購部,changwanhshing@gmail.com
73943,馬禮芳,品管部,changwanhshing@gmail.com
36570,梁雅芳,生產部,changwanhshing@gmail.com
57030,王麗鳳,財務部,changwanhshing@gmail.com
51904,林忠勇,品管部,changwanhshing@gmail.com
42621,田旭宇,財務部,changwanhshing@gmail.com
18649,劉桂超,生產部,changwanhshing@gmail.com
12103,梁美賢,企劃部,changwanhshing@gmail.com
37386,高晴靜,品管部,changwanhshing@gmail.com
13315,孫冬林,採購部,changwanhshing@gmail.com
80232,任正翔,業務部,changwanhshing@gmail.com
41588,馬義超,法務部,changwanhshing@gmail.com
31097,王冬輝,法務部,changwanhshing@gmail.com
88240,劉佳靜,生產部,changwanhshing@gmail.com
11536,何孝浩,品管部,changwanhshing@gmail.com
81110,田禮麗,稽核部,changwanhshing@gmail.com
23206,江桂誠,法務部,changwanhshing@gmail.com
33693,鄧忠洋,資訊部,changwanhshing@gmail.com
23637,孫桂龍,客服部,changwanhshing@gmail.com
55597,程禮勇,生產部,changwanhshing@gmail.com
12544,朱美麗,倉儲部,changwanhshing@gmail.com
13441,高偉明,生產部,changwanhshing@gmail.com
10803,袁春煌,採購部,changwanhshing@gmail.com
15771,劉信昇,研發部,changwanhshing@gmail.com
87285,韓佳煌,倉儲部,changwanhshing@gmail.com
97317,杜俊洋,資訊部,changwanhshing@gmail.com
95573,蔡桂澤,業務部,changwanhshing@gmail.com
11640,徐禮棟,行銷部,changwanhshing@gmail.com
18518,任雯博,法務部,changwanhshing@gmail.com
42106,江美傑,倉儲部,changwanhshing@gmail.com
76064,朱文鳳,稽核部,changwanhshing@gmail.com
91629,張明昇,研發部,changwanhshing@gmail.com
81414,胡惠鳳,人事部,changwanhshing@gmail.com
18804,曹宜文,行銷部,changwanhshing@gmail.com
98730,彭禮明,財務部,changwanhshing@gmail.com
59831,呂欣云,企劃部,changwanhshing@gmail.com
32970,謝嘉森,資訊部,changwanhshing@gmail.com
79595,袁慧偉,生產部,changwanhshing@gmail.com
33407,蔡明豪,行銷部,changwanhshing@gmail.com
14973,彭明鳳,總務部,changwanhshing@gmail.com
95132,余昊芳,業務部,changwanhshing@gmail.com
72927,韓大樺,總務部,changwanhshing@gmail.com
27887,宋正毅,稽核部,changwanhshing@gmail.com
17466,胡雅博,總務部,changwanhshing@gmail.com
22423,郭美軍,企劃部,changwanhshing@gmail.com
91845,余秀達,倉儲部,changwanhshing@gmail.com
65721,林明毅,倉儲部,changwanhshing@gmail.com
67899,杜欣豪,業務部,changwanhshing@gmail.com
42794,曹晨娟,業務部,changwanhshing@gmail.com
84014,羅桂偉,生產部,changwanhshing@gmail.com
17354,許春娟,稽核部,changwanhshing@gmail.com
94875,蔡志翔,品管部,changwanhshing@gmail.com
47508,曹志輝,研發部,changwanhshing@gmail.com
25141,楊秋超,採購部,changwanhshing@gmail.com
29804,吳雅達,企劃部,changwanhshing@gmail.com
15036,趙欣翔,研發部,changwanhshing@gmail.com
31559,袁忠賢,客服部,changwanhshing@gmail.com
66971,謝忠昇,業務部,changwanhshing@gmail.com
71420,謝家偉,客服部,changwanhshing@gmail.com
34564,丁秋秀,總務部,changwanhshing@gmail.com
72943,韓建強,總務部,changwanhshing@gmail.com
38425,蕭正秀,業務部,changwanhshing@gmail.com
13049,宋晨強,財務部,changwanhshing@gmail.com
41582,劉志翔,生產部,changwanhshing@gmail.com
17575,宋麗澤,人事部,changwanhshing@gmail.com
32217,韓景煌,生產部,changwanhshing@gmail.com
43651,曾昊樺,資訊部,changwanhshing@gmail.com
81374,馮建淵,總務部,changwanhshing@gmail.com
83482,梁偉燕,採購部,changwanhshing@gmail.com
83430,彭惠傑,企劃部,changwanhshing@gmail.com
55701,周文云,稽核部,changwanhshing@gmail.com
64958,呂建博,研發部,changwanhshing@gmail.com
23899,陳明燕,倉儲部,changwanhshing@gmail.com
49899,潘家浩,企劃部,changwanhshing@gmail.com
15892,蔣大澤,倉儲部,changwanhshing@gmail.com
57568,朱雅達,法務部,changwanhshing@gmail.com
91518,馬晴煌,生產部,changwanhshing@gmail.com
51118,張偉敏,資訊部,changwanhshing@gmail.com
96144,吳淑毅,企劃部,changwanhshing@gmail.com
57040,田晨勇,總務部,changwanhshing@gmail.com
82092,程景翔,企劃部,changwanhshing@gmail.com
77399,高雯娟,人事部,changwanhshing@gmail.com
59692,劉宜林,生產部,changwanhshing@gmail.com
16191,吳宏達,品管部,changwanhshing@gmail.com
92829,馮家博,人事部,changwanhshing@gmail.com
65017,魏景浩,法務部,changwanhshing@gmail.com
75428,蔡晨傑,生產部,changwanhshing@gmail.com
52675,余偉云,品管部,changwanhshing@gmail.com
63101,羅欣敏,倉儲部,changwanhshing@gmail.com
85374,潘宏燕,總務部,changwanhshing@gmail.com
65522,梁仁靜,研發部,changwanhshing@gmail.com
75400,高桂燕,客服部,changwanhshing@gmail.com
46875,丁宏文,資訊部,changwanhshing@gmail.com
61606,許忠毅,倉儲部,changwanhshing@gmail.com
78587,周佳賢,行銷部,changwanhshing@gmail.com
41587,胡正鳳,企劃部,changwanhshing@gmail.com
37008,曹志淵,研發部,changwanhshing@gmail.com
68835,徐建秀,採購部,changwanhshing@gmail.com
50457,江志博,生產部,changwanhshing@gmail.com
41839,曹景傑,客服部,changwanhshing@gmail.com
64459,曾冬輝,研發部,changwanhshing@gmail.com
83014,羅偉芳,企劃部,changwanhshing@gmail.com
76505,高偉明,財務部,changwanhshing@gmail.com
16665,鄧國翔,人事部,changwanhshing@gmail.com
76970,陳桂勇,財務部,changwanhshing@gmail.com
90690,朱俊森,業務部,changwanhshing@gmail.com
25960,田仁誠,倉儲部,changwanhshing@gmail.com
59652,張志軍,稽核部,changwanhshing@gmail.com
10522,呂桂麗,法務部,changwanhshing@gmail.com
62363,高淑強,資訊部,changwanhshing@gmail.com
38148,蔣佳淵,採購部,changwanhshing@gmail.com
53138,何義麗,企劃部,changwanhshing@gmail.com
79011,朱俊軍,倉儲部,changwanhshing@gmail.com
40053,劉孝明,企劃部,changwanhshing@gmail.com
47232,張景宇,資訊部,changwanhshing@gmail.com
37863,李建翔,品管部,changwanhshing@gmail.com
16945,任仁豪,業務部,changwanhshing@gmail.com
46143,孫昊宇,稽核部,changwanhshing@gmail.com
75962,馮大明,資訊部,changwanhshing@gmail.com
99210,胡淑龍,行銷部,changwanhshing@gmail.com
15508,杜宏淵,法務部,changwanhshing@gmail.com
27726,胡志偉,業務部,changwanhshing@gmail.com
45995,謝秀棟,企劃部,changwanhshing@gmail.com
56063,程美毅,行銷部,changwanhshing@gmail.com
12161,杜信靜,客服部,changwanhshing@gmail.com
35011,何雯燕,品管部,changwanhshing@gmail.com
78455,杜國敏,法務部,changwanhshing@gmail.com
23642,高宜麗,資訊部,changwanhshing@gmail.com
80528,羅欣芳,行銷部,changwanhshing@gmail.com
14852,袁禮玲,法務部,changwanhshing@gmail.com
35064,謝佳博,業務部,changwanhshing@gmail.com
61146,高建軍,總務部,changwanhshing@gmail.com
57470,周佳秀,採購部,changwanhshing@gmail.com
22451,楊桂明,業務部,changwanhshing@gmail.com
30631,程宜強,倉儲部,changwanhshing@gmail.com
51646,趙佳明,研發部,changwanhshing@gmail.com
84348,何明博,人事部,changwanhshing@gmail.com
34699,羅忠翔,企劃部,changwanhshing@gmail.com
76964,蔡欣達,研發部,changwanhshing@gmail.com
86444,羅美浩,客服部,changwanhshing@gmail.com
48316,孫信浩,財務部,changwanhshing@gmail.com
70880,鄧雅龍,倉儲部,changwanhshing@gmail.com
80405,徐麗宇,採購部,changwanhshing@gmail.com
23152,謝家達,法務部,changwanhshing@gmail.com
86460,馬美傑,客服部,changwanhshing@gmail.com
97213,曾忠賢,研發部,changwanhshing@gmail.com
96508,韓慧軍,總務部,changwanhshing@gmail.com
88838,羅夏鳳,資訊部,changwanhshing@gmail.com
75293,劉忠淵,企劃部,changwanhshing@gmail.com
24762,韓宏軍,客服部,changwanhshing@gmail.com
90558,吳建明,總務部,changwanhshing@gmail.com
89252,宋慧明,生產部,changwanhshing@gmail.com
40939,唐美達,人事部,changwanhshing@gmail.com
11013,黃禮云,行銷部,changwanhshing@gmail.com
68309,潘昊樺,財務部,changwanhshing@gmail.com
40515,黃冬雄,財務部,changwanhshing@gmail.com
87294,呂慧宇,人事部,changwanhshing@gmail.com
65500,彭志軍,生產部,changwanhshing@gmail.com
28782,高春豪,稽核部,changwanhshing@gmail.com
33506,梁正敏,總務部,changwanhshing@gmail.com
86029,蘇晴達,客服部,changwanhshing@gmail.com
73084,董仁敏,研發部,changwanhshing@gmail.com
38569,周夏棟,採購部,changwanhshing@gmail.com
61052,鄧明芳,業務部,changwanhshing@gmail.com
81665,謝國昇,行銷部,changwanhshing@gmail.com
61516,宋志秀,資訊部,changwanhshing@gmail.com
83059,潘佳鳳,生產部,changwanhshing@gmail.com
75670,吳信超,研發部,changwanhshing@gmail.com
98221,劉嘉澤,稽核部,changwanhshing@gmail.com
31493,謝禮文,生產部,changwanhshing@gmail.com
95935,吳家傑,財務部,changwanhshing@gmail.com
93156,魏仁偉,採購部,changwanhshing@gmail.com
78806,吳晴傑,人事部,changwanhshing@gmail.com
24844,何秋昇,採購部,changwanhshing@gmail.com
87711,蔡冬林,研發部,changwanhshing@gmail.com
91647,周偉偉,客服部,changwanhshing@gmail.com
21862,任晴靜,業務部,changwanhshing@gmail.com
88609,胡雅鳳,倉儲部,changwanhshing@gmail.com
39570,謝欣玲,行銷部,changwanhshing@gmail.com
25442,呂仁明,稽核部,changwanhshing@gmail.com
57916,蔡家芳,客服部,changwanhshing@gmail.com
66301,徐宜樺,行銷部,changwanhshing@gmail.com
76591,劉嘉芳,人事部,changwanhshing@gmail.com
30799,曾秋淵,人事部,changwanhshing@gmail.com
74571,胡宜勇,行銷部,changwanhshing@gmail.com
76725,彭惠麗,資訊部,changwanhshing@gmail.com
89432,魏峰煌,企劃部,changwanhshing@gmail.com
83556,鄧仁玲,人事部,changwanhshing@gmail.com
58175,韓家雄,財務部,changwanhshing@gmail.com
80036,蘇家強,資訊部,changwanhshing@gmail.com
54918,趙旭毅,研發部,changwanhshing@gmail.com
94566,田佳敏,人事部,changwanhshing@gmail.com
19892,宋昊偉,資訊部,changwanhshing@gmail.com
36378,梁秀浩,倉儲部,changwanhshing@gmail.com
13246,林建明,業務部,changwanhshing@gmail.com
86464,彭志澤,品管部,changwanhshing@gmail.com
11908,任冬龍,資訊部,changwanhshing@gmail.com
23709,林宏燕,總務部,changwanhshing@gmail.com
21492,唐禮雄,業務部,changwanhshing@gmail.com
90231,謝晨賢,研發部,changwanhshing@gmail.com
68928,許淑昇,稽核部,changwanhshing@gmail.com
60965,曾志燕,生產部,changwanhshing@gmail.com
18721,唐峰宇,行銷部,changwanhshing@gmail.com
21197,孫禮樺,業務部,changwanhshing@gmail.com
52266,陳正鳳,倉儲部,changwanhshing@gmail.com
17397,胡忠傑,研發部,changwanhshing@gmail.com
11277,胡雯豪,資訊部,changwanhshing@gmail.com
40347,江麗森,人事部,changwanhshing@gmail.com
25511,曹晴昇,企劃部,changwanhshing@gmail.com
63605,許仁森,業務部,changwanhshing@gmail.com
25020,彭俊賢,倉儲部,changwanhshing@gmail.com
60561,許慧輝,研發部,changwanhshing@gmail.com
59678,李建文,財務部,changwanhshing@gmail.com
75132,曾忠傑,法務部,changwanhshing@gmail.com
34226,杜正勇,研發部,changwanhshing@gmail.com
30848,魏桂玲,法務部,changwanhshing@gmail.com
64011,蕭旭娟,法務部,changwanhshing@gmail.com
39334,張秀麗,法務部,changwanhshing@gmail.com
73636,曹景龍,稽核部,changwanhshing@gmail.com
92680,唐信龍,客服部,changwanhshing@gmail.com
86030,王昊超,資訊部,changwanhshing@gmail.com
91480,曾晴賢,資訊部,changwanhshing@gmail.com
17152,潘慧森,客服部,changwanhshing@gmail.com
20181,胡淑鳳,財務部,changwanhshing@gmail.com
97530,馬大軍,法務部,changwanhshing@gmail.com
61950,楊信龍,研發部,changwanhshing@gmail.com
16522,袁春超,總務部,changwanhshing@gmail.com
92589,羅桂傑,生產部,changwanhshing@gmail.com
85916,孫偉森,財務部,changwanhshing@gmail.com
53525,謝孝樺,客服部,changwanhshing@gmail.com
69938,潘家芳,總務部,changwanhshing@gmail.com
17228,高雯達,業務部,changwanhshing@gmail.com
61411,董仁昇,倉儲部,changwanhshing@gmail.com
53940,徐仁芳,採購部,changwanhshing@gmail.com
26156,任宏森,人事部,changwanhshing@gmail.com
21629,孫正輝,法務部,changwanhshing@gmail.com
85308,羅淑森,客服部,changwanhshing@gmail.com
71096,宋義林,稽核部,changwanhshing@gmail.com
55859,曹忠雄,生產部,changwanhshing@gmail.com
50101,任秀文,企劃部,changwanhshing@gmail.com
54376,呂佳博,行銷部,changwanhshing@gmail.com
97802,徐景燕,總務部,changwanhshing@gmail.com
64981,陳家煌,倉儲部,changwanhshing@gmail.com
12871,袁昊玲,法務部,changwanhshing@gmail.com
71013,江正明,客服部,changwanhshing@gmail.com
95974,曹欣森,企劃部,changwanhshing@gmail.com
99380,王桂鳳,稽核部,changwanhshing@gmail.com
64736,張景玲,資訊部,changwanhshing@gmail.com
80453,丁志毅,品管部,changwanhshing@gmail.com
12822,羅淑昇,行銷部,changwanhshing@gmail.com
20979,羅美靜,研發部,changwanhshing@gmail.com
14503,黃偉強,法務部,changwanhshing@gmail.com
38243,梁景毅,倉儲部,changwanhshing@gmail.com
40260,吳旭鳳,生產部,changwanhshing@gmail.com
59876,葉雯翔,生產部,changwanhshing@gmail.com
57756,曾桂超,研發部,changwanhshing@gmail.com
46012,馮正芳,業務部,changwanhshing@gmail.com
80733,袁麗棟,稽核部,changwanhshing@gmail.com
15376,馬麗棟,稽核部,changwanhshing@gmail.com
22008,宋秋雄,客服部,changwanhshing@gmail.com
80255,謝慧龍,採購部,changwanhshing@gmail.com
35488,郭秋軍,倉儲部,changwanhshing@gmail.com
52984,張明毅,倉儲部,changwanhshing@gmail.com
38781,楊大靜,法務部,changwanhshing@gmail.com
11325,馬春鳳,行銷部,changwanhshing@gmail.com
72042,謝晨娟,研發部,changwanhshing@gmail.com
18028,魏俊芳,稽核部,changwanhshing@gmail.com
16714,黃宜博,採購部,changwanhshing@gmail.com
51891,任昊煌,研發部,changwanhshing@gmail.com
36808,馬俊誠,稽核部,changwanhshing@gmail.com
16378,周孝娟,業務部,changwanhshing@gmail.com
80210,周正翔,倉儲部,changwanhshing@gmail.com
59077,蘇美達,企劃部,changwanhshing@gmail.com
72191,魏美豪,人事部,changwanhshing@gmail.com
23873,田欣超,稽核部,changwanhshing@gmail.com
16360,葉禮秀,研發部,changwanhshing@gmail.com
71644,杜禮宇,企劃部,changwanhshing@gmail.com
12785,任麗秀,人事部,changwanhshing@gmail.com
17026,魏偉麗,總務部,changwanhshing@gmail.com
55104,韓孝浩,企劃部,changwanhshing@gmail.com
55961,宋嘉鳳,企劃部,changwanhshing@gmail.com
26995,蕭慧樺,採購部,changwanhshing@gmail.com
86748,蔡嘉淵,研發部,changwanhshing@gmail.com
27719,彭志達,總務部,changwanhshing@gmail.com
33532,董春毅,研發部,changwanhshing@gmail.com
16101,黃晴鳳,企劃部,changwanhshing@gmail.com
13413,謝明娟,研發部,changwanhshing@gmail.com
14217,韓建偉,行銷部,changwanhshing@gmail.com
38357,袁志達,行銷部,changwanhshing@gmail.com
99470,郭明龍,財務部,changwanhshing@gmail.com
47265,吳宏輝,研發部,changwanhshing@gmail.com
90563,蔡正澤,倉儲部,changwanhshing@gmail.com
94385,朱晨樺,採購部,changwanhshing@gmail.com
15694,彭淑雄,人事部,changwanhshing@gmail.com
25006,曾秀澤,採購部,changwanhshing@gmail.com
53176,韓雯超,稽核部,changwanhshing@gmail.com
78487,胡雯秀,稽核部,changwanhshing@gmail.com
53478,魏美強,研發部,changwanhshing@gmail.com
61021,鄭春雄,財務部,changwanhshing@gmail.com
83457,馮惠翔,研發部,changwanhshing@gmail.com
64428,曹麗樺,研發部,changwanhshing@gmail.com
75781,程偉靜,人事部,changwanhshing@gmail.com
20885,徐文輝,企劃部,changwanhshing@gmail.com
97693,董旭云,研發部,changwanhshing@gmail.com
85884,王春博,生產部,changwanhshing@gmail.com
40192,蕭正秀,稽核部,changwanhshing@gmail.com
96913,羅晴煌,倉儲部,changwanhshing@gmail.com
17320,羅欣煌,法務部,changwanhshing@gmail.com
18437,潘禮勇,稽核部,changwanhshing@gmail.com
58269,郭春達,人事部,changwanhshing@gmail.com
96513,黃俊龍,稽核部,changwanhshing@gmail.com
90787,潘晴達,資訊部,changwanhshing@gmail.com
10005,李志文,稽核部,changwanhshing@gmail.com
60875,朱雅雄,人事部,changwanhshing@gmail.com
24210,黃晴賢,企劃部,changwanhshing@gmail.com
64676,蔣麗棟,行銷部,changwanhshing@gmail.com
80827,何宜昇,研發部,changwanhshing@gmail.com
23155,唐義昇,總務部,changwanhshing@gmail.com
22468,潘秀輝,採購部,changwanhshing@gmail.com
98753,宋俊淵,生產部,changwanhshing@gmail.com
84534,周建翔,法務部,changwanhshing@gmail.com
57396,孫志明,行銷部,changwanhshing@gmail.com
65013,韓冬輝,品管部,changwanhshing@gmail.com
62966,馬國昇,總務部,changwanhshing@gmail.com
40417,林慧雄,倉儲部,changwanhshing@gmail.com
63535,董秋昇,稽核部,changwanhshing@gmail.com
20545,朱家毅,資訊部,changwanhshing@gmail.com
39519,鄧禮森,總務部,changwanhshing@gmail.com
99271,楊雅燕,倉儲部,changwanhshing@gmail.com
26011,鄧家博,稽核部,changwanhshing@gmail.com
99601,林慧澤,總務部,changwanhshing@gmail.com
64087,袁雅麗,業務部,changwanhshing@gmail.com
90865,杜晨明,客服部,changwanhshing@gmail.com
53363,杜桂文,企劃部,changwanhshing@gmail.com
45836,林信燕,客服部,changwanhshing@gmail.com
65469,李欣強,行銷部,changwanhshing@gmail.com
69927,任秀樺,業務部,changwanhshing@gmail.com
12974,杜春翔,採購部,changwanhshing@gmail.com
92390,謝峰達,資訊部,changwanhshing@gmail.com
21281,趙文浩,資訊部,changwanhshing@gmail.com
36277,蔡義輝,財務部,changwanhshing@gmail.com
32474,唐夏鳳,業務部,changwanhshing@gmail.com
72182,曹秋軍,倉儲部,changwanhshing@gmail.com
50604,高國賢,品管部,changwanhshing@gmail.com
67578,江正宇,法務部,changwanhshing@gmail.com
45339,劉禮雄,人事部,changwanhshing@gmail.com
90173,丁禮宇,客服部,changwanhshing@gmail.com
78812,馬文秀,人事部,changwanhshing@gmail.com
84017,鄧大達,行銷部,changwanhshing@gmail.com
23579,馮俊翔,財務部,changwanhshing@gmail.com
70160,梁麗豪,財務部,changwanhshing@gmail.com
51634,董淑明,法務部,changwanhshing@gmail.com
96643,江宏燕,研發部,changwanhshing@gmail.com
11574,周欣勇,研發部,changwanhshing@gmail.com
68719,胡雯毅,稽核部,changwanhshing@gmail.com
23372,黃雯文,採購部,changwanhshing@gmail.com
40861,李晴浩,採購部,changwanhshing@gmail.com
99701,丁禮森,總務部,changwanhshing@gmail.com
28718,朱夏麗,總務部,changwanhshing@gmail.com
25948,王桂洋,研發部,changwanhshing@gmail.com
25107,陳忠輝,行銷部,changwanhshing@gmail.com
16160,高峰鳳,研發部,changwanhshing@gmail.com
30193,胡冬鳳,採購部,changwanhshing@gmail.com
49933,孫欣偉,企劃部,changwanhshing@gmail.com
54781,郭忠芳,法務部,changwanhshing@gmail.com
91534,彭信昇,法務部,changwanhshing@gmail.com
20565,杜禮毅,資訊部,changwanhshing@gmail.com
82911,韓文明,法務部,changwanhshing@gmail.com
82387,鄭昊超,法務部,changwanhshing@gmail.com
98366,呂孝鳳,人事部,changwanhshing@gmail.com
54026,韓禮雄,客服部,changwanhshing@gmail.com
19841,謝文棟,業務部,changwanhshing@gmail.com
51651,劉宜樺,財務部,changwanhshing@gmail.com
93240,謝宏麗,生產部,changwanhshing@gmail.com
13654,楊昊軍,總務部,changwanhshing@gmail.com
64012,馮慧龍,倉儲部,changwanhshing@gmail.com
95397,余冬敏,財務部,changwanhshing@gmail.com
49690,江春玲,總務部,changwanhshing@gmail.com
25578,董麗龍,企劃部,changwanhshing@gmail.com
10463,蔡明賢,法務部,changwanhshing@gmail.com
99949,蘇桂煌,品管部,changwanhshing@gmail.com
84146,鄭文雄,財務部,changwanhshing@gmail.com
92986,鄧志鳳,法務部,changwanhshing@gmail.com
71767,蕭冬宇,行銷部,changwanhshing@gmail.com
73033,田景毅,財務部,changwanhshing@gmail.com
80574,袁晴玲,倉儲部,changwanhshing@gmail.com
97735,周大敏,採購部,changwanhshing@gmail.com
87642,唐忠娟,總務部,changwanhshing@gmail.com
30928,蕭昊芳,客服部,changwanhshing@gmail.com
58360,吳志棟,業務部,changwanhshing@gmail.com
29650,黃秀鳳,生產部,changwanhshing@gmail.com
18026,潘禮鳳,法務部,changwanhshing@gmail.com
61820,郭景鳳,人事部,changwanhshing@gmail.com
98889,田昊勇,稽核部,changwanhshing@gmail.com
83512,曹秋秀,財務部,changwanhshing@gmail.com
56163,潘欣豪,法務部,changwanhshing@gmail.com
51486,李雅豪,法務部,changwanhshing@gmail.com
16261,董建文,生產部,changwanhshing@gmail.com
97127,謝仁淵,倉儲部,changwanhshing@gmail.com
15342,曹景燕,行銷部,changwanhshing@gmail.com
23667,張雅偉,倉儲部,changwanhshing@gmail.com
82054,韓美雄,稽核部,changwanhshing@gmail.com
24325,楊峰浩,客服部,changwanhshing@gmail.com
52055,蕭大輝,研發部,changwanhshing@gmail.com
21563,鄭夏強,客服部,changwanhshing@gmail.com